,,,,,,Daily Price Report-01-01-2021 to 31-12-2021 for NCT of Delhi,,,,,
State,District,Market,Commodity Group,Commodity,Variety,Grade,Min Price,Max Price,Modal Price,Price Unit,Price Date
NCT of Delhi,Delhi,Azadpur APMC,Vegetables,Tomato,Tomato,FAQ,"1,000.00","4,000.00","2,056.00",Rs./Quintal,31-12-2021
NCT of Delhi,Delhi,Azadpur APMC,Vegetables,Tomato,Tomato,FAQ,"1,000.00","4,000.00","2,056.00",Rs./Quintal,30-12-2021
NCT of Delhi,Delhi,Azadpur APMC,Vegetables,Tomato,Tomato,FAQ,"1,000.00","4,000.00","2,056.00",Rs./Quintal,29-12-2021
NCT of Delhi,Delhi,Azadpur APMC,Vegetables,Tomato,Tomato,FAQ,800.00,"4,000.00","1,944.00",Rs./Quintal,28-12-2021
NCT of Delhi,Delhi,Azadpur APMC,Vegetables,Tomato,Tomato,FAQ,800.00,"3,600.00","1,944.00",Rs./Quintal,27-12-2021
NCT of Delhi,Delhi,Azadpur APMC,Vegetables,Tomato,Tomato,FAQ,800.00,"3,600.00","1,944.00",Rs./Quintal,25-12-2021
NCT of Delhi,Delhi,Azadpur APMC,Vegetables,Tomato,Tomato,FAQ,800.00,"3,200.00","1,844.00",Rs./Quintal,24-12-2021
NCT of Delhi,Delhi,Azadpur APMC,Vegetables,Tomato,Tomato,FAQ,800.00,"3,600.00","2,044.00",Rs./Quintal,23-12-2021
NCT of Delhi,Delhi,Azadpur APMC,Vegetables,Tomato,Tomato,FAQ,800.00,"3,200.00","1,867.00",Rs./Quintal,22-12-2021
NCT of Delhi,Delhi,Azadpur APMC,Vegetables,Tomato,Tomato,FAQ,800.00,"3,200.00","1,898.00",Rs./Quintal,21-12-2021
NCT of Delhi,Delhi,Azadpur APMC,Vegetables,Tomato,Tomato,FAQ,800.00,"3,200.00","1,898.00",Rs./Quintal,20-12-2021
NCT of Delhi,Delhi,Azadpur APMC,Vegetables,Tomato,Tomato,FAQ,800.00,"3,600.00","2,111.00",Rs./Quintal,18-12-2021
NCT of Delhi,Delhi,Azadpur APMC,Vegetables,Tomato,Tomato,FAQ,800.00,"3,600.00","2,111.00",Rs./Quintal,17-12-2021
NCT of Delhi,Delhi,Azadpur APMC,Vegetables,Tomato,Tomato,FAQ,800.00,"4,000.00","2,418.00",Rs./Quintal,16-12-2021
NCT of Delhi,Delhi,Azadpur APMC,Vegetables,Tomato,Tomato,FAQ,800.00,"4,000.00","2,327.00",Rs./Quintal,15-12-2021
NCT of Delhi,Delhi,Azadpur APMC,Vegetables,Tomato,Tomato,FAQ,800.00,"4,667.00","2,533.00",Rs./Quintal,13-12-2021
NCT of Delhi,Delhi,Azadpur APMC,Vegetables,Tomato,Tomato,FAQ,"1,200.00","4,800.00","3,103.00",Rs./Quintal,11-12-2021
NCT of Delhi,Delhi,Azadpur APMC,Vegetables,Tomato,Tomato,FAQ,"1,200.00","4,800.00","3,103.00",Rs./Quintal,10-12-2021
NCT of Delhi,Delhi,Azadpur APMC,Vegetables,Tomato,Tomato,FAQ,"1,200.00","4,800.00","3,103.00",Rs./Quintal,09-12-2021
NCT of Delhi,Delhi,Azadpur APMC,Vegetables,Tomato,Tomato,FAQ,"1,200.00","4,800.00","3,103.00",Rs./Quintal,08-12-2021
NCT of Delhi,Delhi,Azadpur APMC,Vegetables,Tomato,Tomato,FAQ,"1,200.00","4,800.00","3,262.00",Rs./Quintal,07-12-2021
NCT of Delhi,Delhi,Azadpur APMC,Vegetables,Tomato,Tomato,FAQ,"1,200.00","4,800.00","3,262.00",Rs./Quintal,06-12-2021
NCT of Delhi,Delhi,Azadpur APMC,Vegetables,Tomato,Tomato,FAQ,"1,200.00","4,800.00","3,215.00",Rs./Quintal,04-12-2021
NCT of Delhi,Delhi,Azadpur APMC,Vegetables,Tomato,Tomato,FAQ,"2,000.00","5,200.00","3,544.00",Rs./Quintal,30-11-2021
NCT of Delhi,Delhi,Azadpur APMC,Vegetables,Tomato,Tomato,FAQ,"2,000.00","5,200.00","3,633.00",Rs./Quintal,29-11-2021
NCT of Delhi,Delhi,Azadpur APMC,Vegetables,Tomato,Tomato,FAQ,"2,000.00","5,600.00","4,115.00",Rs./Quintal,27-11-2021
NCT of Delhi,Delhi,Azadpur APMC,Vegetables,Tomato,Tomato,FAQ,"2,000.00","5,600.00","4,054.00",Rs./Quintal,26-11-2021
NCT of Delhi,Delhi,Azadpur APMC,Vegetables,Tomato,Tomato,FAQ,"2,000.00","5,600.00","4,054.00",Rs./Quintal,25-11-2021
NCT of Delhi,Delhi,Azadpur APMC,Vegetables,Tomato,Tomato,FAQ,"2,000.00","6,000.00","4,131.00",Rs./Quintal,24-11-2021
NCT of Delhi,Delhi,Azadpur APMC,Vegetables,Tomato,Tomato,FAQ,"2,400.00","7,200.00","4,409.00",Rs./Quintal,23-11-2021
NCT of Delhi,Delhi,Azadpur APMC,Vegetables,Tomato,Tomato,FAQ,"2,400.00","7,200.00","4,409.00",Rs./Quintal,22-11-2021
NCT of Delhi,Delhi,Azadpur APMC,Vegetables,Tomato,Tomato,FAQ,"2,000.00","6,400.00","4,077.00",Rs./Quintal,19-11-2021
NCT of Delhi,Delhi,Azadpur APMC,Vegetables,Tomato,Tomato,FAQ,"2,000.00","6,400.00","4,018.00",Rs./Quintal,18-11-2021
NCT of Delhi,Delhi,Azadpur APMC,Vegetables,Tomato,Tomato,FAQ,"2,000.00","6,400.00","4,018.00",Rs./Quintal,17-11-2021
NCT of Delhi,Delhi,Azadpur APMC,Vegetables,Tomato,Tomato,FAQ,"2,000.00","6,400.00","4,018.00",Rs./Quintal,16-11-2021
NCT of Delhi,Delhi,Azadpur APMC,Vegetables,Tomato,Tomato,FAQ,"2,000.00","6,400.00","4,018.00",Rs./Quintal,15-11-2021
NCT of Delhi,Delhi,Azadpur APMC,Vegetables,Tomato,Tomato,FAQ,"2,000.00","6,000.00","3,800.00",Rs./Quintal,13-11-2021
NCT of Delhi,Delhi,Azadpur APMC,Vegetables,Tomato,Tomato,FAQ,"2,000.00","4,800.00","3,800.00",Rs./Quintal,12-11-2021
NCT of Delhi,Delhi,Azadpur APMC,Vegetables,Tomato,Tomato,FAQ,"1,667.00","4,800.00","3,455.00",Rs./Quintal,11-11-2021
NCT of Delhi,Delhi,Azadpur APMC,Vegetables,Tomato,Tomato,FAQ,"2,400.00","6,000.00","4,170.00",Rs./Quintal,10-11-2021
NCT of Delhi,Delhi,Azadpur APMC,Vegetables,Tomato,Tomato,FAQ,"2,000.00","6,400.00","4,133.00",Rs./Quintal,09-11-2021
NCT of Delhi,Delhi,Azadpur APMC,Vegetables,Tomato,Tomato,FAQ,"2,000.00","6,000.00","4,067.00",Rs./Quintal,08-11-2021
NCT of Delhi,Delhi,Azadpur APMC,Vegetables,Tomato,Tomato,FAQ,"1,200.00","5,200.00","3,418.00",Rs./Quintal,06-11-2021
NCT of Delhi,Delhi,Azadpur APMC,Vegetables,Tomato,Tomato,FAQ,"1,200.00","5,200.00","3,418.00",Rs./Quintal,05-11-2021
NCT of Delhi,Delhi,Azadpur APMC,Vegetables,Tomato,Tomato,FAQ,"1,200.00","5,200.00","3,418.00",Rs./Quintal,04-11-2021
NCT of Delhi,Delhi,Azadpur APMC,Vegetables,Tomato,Tomato,FAQ,"1,200.00","5,200.00","3,418.00",Rs./Quintal,03-11-2021
NCT of Delhi,Delhi,Azadpur APMC,Vegetables,Tomato,Tomato,FAQ,"1,000.00","4,000.00","2,548.00",Rs./Quintal,30-10-2021
NCT of Delhi,Delhi,Azadpur APMC,Vegetables,Tomato,Tomato,FAQ,"1,200.00","4,800.00","2,882.00",Rs./Quintal,29-10-2021
NCT of Delhi,Delhi,Azadpur APMC,Vegetables,Tomato,Tomato,FAQ,800.00,"3,600.00","2,476.00",Rs./Quintal,28-10-2021
NCT of Delhi,Delhi,Azadpur APMC,Vegetables,Tomato,Tomato,FAQ,"1,400.00","4,000.00","2,745.00",Rs./Quintal,27-10-2021
NCT of Delhi,Delhi,Azadpur APMC,Vegetables,Tomato,Tomato,FAQ,"1,400.00","4,000.00","2,745.00",Rs./Quintal,26-10-2021
NCT of Delhi,Delhi,Azadpur APMC,Vegetables,Tomato,Tomato,FAQ,"1,400.00","4,000.00","2,745.00",Rs./Quintal,25-10-2021
NCT of Delhi,Delhi,Azadpur APMC,Vegetables,Tomato,Tomato,FAQ,"1,200.00","4,800.00","2,927.00",Rs./Quintal,23-10-2021
NCT of Delhi,Delhi,Azadpur APMC,Vegetables,Tomato,Tomato,FAQ,"1,200.00","5,600.00","3,339.00",Rs./Quintal,22-10-2021
NCT of Delhi,Delhi,Azadpur APMC,Vegetables,Tomato,Tomato,FAQ,"1,200.00","5,600.00","3,441.00",Rs./Quintal,21-10-2021
NCT of Delhi,Delhi,Azadpur APMC,Vegetables,Tomato,Tomato,FAQ,"1,200.00","5,600.00","3,554.00",Rs./Quintal,20-10-2021
NCT of Delhi,Delhi,Azadpur APMC,Vegetables,Tomato,Tomato,FAQ,"1,200.00","5,200.00","3,000.00",Rs./Quintal,19-10-2021
NCT of Delhi,Delhi,Azadpur APMC,Vegetables,Tomato,Tomato,FAQ,"1,200.00","6,000.00","2,092.00",Rs./Quintal,18-10-2021
NCT of Delhi,Delhi,Azadpur APMC,Vegetables,Tomato,Tomato,FAQ,"1,200.00","5,600.00","2,944.00",Rs./Quintal,16-10-2021
NCT of Delhi,Delhi,Azadpur APMC,Vegetables,Tomato,Tomato,FAQ,"1,200.00","4,800.00","2,708.00",Rs./Quintal,15-10-2021
NCT of Delhi,Delhi,Azadpur APMC,Vegetables,Tomato,Tomato,FAQ,"1,200.00","4,800.00","2,867.00",Rs./Quintal,12-10-2021
NCT of Delhi,Delhi,Azadpur APMC,Vegetables,Tomato,Tomato,FAQ,"1,200.00","4,800.00","2,867.00",Rs./Quintal,11-10-2021
NCT of Delhi,Delhi,Azadpur APMC,Vegetables,Tomato,Tomato,FAQ,"1,200.00","4,800.00","2,723.00",Rs./Quintal,09-10-2021
NCT of Delhi,Delhi,Azadpur APMC,Vegetables,Tomato,Tomato,FAQ,"1,200.00","4,800.00","2,723.00",Rs./Quintal,08-10-2021
NCT of Delhi,Delhi,Azadpur APMC,Vegetables,Tomato,Tomato,FAQ,"1,000.00","4,000.00","2,477.00",Rs./Quintal,07-10-2021
NCT of Delhi,Delhi,Azadpur APMC,Vegetables,Tomato,Tomato,FAQ,"1,000.00","4,000.00","2,477.00",Rs./Quintal,06-10-2021
NCT of Delhi,Delhi,Azadpur APMC,Vegetables,Tomato,Tomato,FAQ,"1,000.00","4,000.00","2,477.00",Rs./Quintal,05-10-2021
NCT of Delhi,Delhi,Azadpur APMC,Vegetables,Tomato,Tomato,FAQ,"1,000.00","3,600.00","2,104.00",Rs./Quintal,30-09-2021
NCT of Delhi,Delhi,Azadpur APMC,Vegetables,Tomato,Tomato,FAQ,800.00,"3,200.00","1,775.00",Rs./Quintal,29-09-2021
NCT of Delhi,Delhi,Azadpur APMC,Vegetables,Tomato,Tomato,FAQ,800.00,"3,200.00","1,775.00",Rs./Quintal,28-09-2021
NCT of Delhi,Delhi,Azadpur APMC,Vegetables,Tomato,Tomato,FAQ,800.00,"4,667.00","1,873.00",Rs./Quintal,27-09-2021
NCT of Delhi,Delhi,Azadpur APMC,Vegetables,Tomato,Tomato,FAQ,800.00,"4,667.00","1,830.00",Rs./Quintal,25-09-2021
NCT of Delhi,Delhi,Azadpur APMC,Vegetables,Tomato,Tomato,FAQ,600.00,"3,333.00","1,611.00",Rs./Quintal,24-09-2021
NCT of Delhi,Delhi,Azadpur APMC,Vegetables,Tomato,Tomato,FAQ,800.00,"2,000.00","1,229.00",Rs./Quintal,23-09-2021
NCT of Delhi,Delhi,Azadpur APMC,Vegetables,Tomato,Tomato,FAQ,800.00,"2,000.00","1,229.00",Rs./Quintal,22-09-2021
NCT of Delhi,Delhi,Azadpur APMC,Vegetables,Tomato,Tomato,FAQ,800.00,"2,000.00","1,229.00",Rs./Quintal,21-09-2021
NCT of Delhi,Delhi,Azadpur APMC,Vegetables,Tomato,Tomato,FAQ,800.00,"2,000.00","1,229.00",Rs./Quintal,20-09-2021
NCT of Delhi,Delhi,Azadpur APMC,Vegetables,Tomato,Tomato,FAQ,800.00,"2,333.00","1,354.00",Rs./Quintal,18-09-2021
NCT of Delhi,Delhi,Azadpur APMC,Vegetables,Tomato,Tomato,FAQ,800.00,"2,333.00","1,354.00",Rs./Quintal,17-09-2021
NCT of Delhi,Delhi,Azadpur APMC,Vegetables,Tomato,Tomato,FAQ,800.00,"2,333.00","1,335.00",Rs./Quintal,16-09-2021
NCT of Delhi,Delhi,Azadpur APMC,Vegetables,Tomato,Tomato,FAQ,800.00,"2,333.00","1,335.00",Rs./Quintal,15-09-2021
NCT of Delhi,Delhi,Azadpur APMC,Vegetables,Tomato,Tomato,FAQ,800.00,"2,333.00","1,335.00",Rs./Quintal,14-09-2021
NCT of Delhi,Delhi,Azadpur APMC,Vegetables,Tomato,Tomato,FAQ,800.00,"2,333.00","1,335.00",Rs./Quintal,13-09-2021
NCT of Delhi,Delhi,Azadpur APMC,Vegetables,Tomato,Tomato,FAQ,600.00,"2,667.00","1,697.00",Rs./Quintal,11-09-2021
NCT of Delhi,Delhi,Azadpur APMC,Vegetables,Tomato,Tomato,FAQ,400.00,"2,000.00","1,166.00",Rs./Quintal,10-09-2021
NCT of Delhi,Delhi,Azadpur APMC,Vegetables,Tomato,Tomato,FAQ,400.00,"2,000.00","1,181.00",Rs./Quintal,09-09-2021
NCT of Delhi,Delhi,Azadpur APMC,Vegetables,Tomato,Tomato,FAQ,400.00,"1,600.00","1,095.00",Rs./Quintal,08-09-2021
NCT of Delhi,Delhi,Azadpur APMC,Vegetables,Tomato,Tomato,FAQ,400.00,"1,600.00","1,095.00",Rs./Quintal,07-09-2021
NCT of Delhi,Delhi,Azadpur APMC,Vegetables,Tomato,Tomato,FAQ,400.00,"1,600.00","1,095.00",Rs./Quintal,06-09-2021
NCT of Delhi,Delhi,Azadpur APMC,Vegetables,Tomato,Tomato,FAQ,400.00,"1,600.00","1,095.00",Rs./Quintal,04-09-2021
NCT of Delhi,Delhi,Azadpur APMC,Vegetables,Tomato,Tomato,FAQ,400.00,"1,667.00","1,114.00",Rs./Quintal,03-09-2021
NCT of Delhi,Delhi,Azadpur APMC,Vegetables,Tomato,Tomato,FAQ,400.00,"1,667.00","1,114.00",Rs./Quintal,31-08-2021
NCT of Delhi,Delhi,Azadpur APMC,Vegetables,Tomato,Tomato,FAQ,400.00,"2,333.00","1,165.00",Rs./Quintal,30-08-2021
NCT of Delhi,Delhi,Azadpur APMC,Vegetables,Tomato,Tomato,FAQ,400.00,"2,667.00","1,418.00",Rs./Quintal,28-08-2021
NCT of Delhi,Delhi,Azadpur APMC,Vegetables,Tomato,Tomato,FAQ,400.00,"2,667.00","1,418.00",Rs./Quintal,27-08-2021
NCT of Delhi,Delhi,Azadpur APMC,Vegetables,Tomato,Tomato,FAQ,400.00,"2,667.00","1,418.00",Rs./Quintal,26-08-2021
NCT of Delhi,Delhi,Azadpur APMC,Vegetables,Tomato,Tomato,FAQ,400.00,"2,667.00","1,418.00",Rs./Quintal,25-08-2021
NCT of Delhi,Delhi,Azadpur APMC,Vegetables,Tomato,Tomato,FAQ,400.00,"2,400.00","1,406.00",Rs./Quintal,09-08-2021
NCT of Delhi,Delhi,Azadpur APMC,Vegetables,Tomato,Tomato,FAQ,400.00,"2,400.00","1,406.00",Rs./Quintal,07-08-2021
NCT of Delhi,Delhi,Azadpur APMC,Vegetables,Tomato,Tomato,FAQ,800.00,"2,400.00","1,594.00",Rs./Quintal,06-08-2021
NCT of Delhi,Delhi,Azadpur APMC,Vegetables,Tomato,Tomato,FAQ,800.00,"2,400.00","1,594.00",Rs./Quintal,05-08-2021
NCT of Delhi,Delhi,Azadpur APMC,Vegetables,Tomato,Tomato,FAQ,800.00,"2,400.00","1,594.00",Rs./Quintal,04-08-2021
NCT of Delhi,Delhi,Azadpur APMC,Vegetables,Tomato,Tomato,FAQ,600.00,"2,400.00","1,485.00",Rs./Quintal,03-08-2021
NCT of Delhi,Delhi,Azadpur APMC,Vegetables,Tomato,Tomato,FAQ,600.00,"3,200.00","1,856.00",Rs./Quintal,31-07-2021
NCT of Delhi,Delhi,Azadpur APMC,Vegetables,Tomato,Tomato,FAQ,600.00,"3,200.00","1,856.00",Rs./Quintal,30-07-2021
NCT of Delhi,Delhi,Azadpur APMC,Vegetables,Tomato,Tomato,FAQ,600.00,"3,600.00","1,872.00",Rs./Quintal,29-07-2021
NCT of Delhi,Delhi,Azadpur APMC,Vegetables,Tomato,Tomato,FAQ,600.00,"3,600.00","1,872.00",Rs./Quintal,28-07-2021
NCT of Delhi,Delhi,Azadpur APMC,Vegetables,Tomato,Tomato,FAQ,600.00,"4,000.00","1,979.00",Rs./Quintal,27-07-2021
NCT of Delhi,Delhi,Azadpur APMC,Vegetables,Tomato,Tomato,FAQ,800.00,"4,400.00","2,333.00",Rs./Quintal,26-07-2021
NCT of Delhi,Delhi,Azadpur APMC,Vegetables,Tomato,Tomato,FAQ,800.00,"4,400.00","2,333.00",Rs./Quintal,24-07-2021
NCT of Delhi,Delhi,Azadpur APMC,Vegetables,Tomato,Tomato,FAQ,800.00,"3,600.00","1,897.00",Rs./Quintal,23-07-2021
NCT of Delhi,Delhi,Azadpur APMC,Vegetables,Tomato,Tomato,FAQ,600.00,"2,800.00","1,533.00",Rs./Quintal,22-07-2021
NCT of Delhi,Delhi,Azadpur APMC,Vegetables,Tomato,Tomato,FAQ,520.00,"2,000.00","1,242.00",Rs./Quintal,21-07-2021
NCT of Delhi,Delhi,Azadpur APMC,Vegetables,Tomato,Tomato,FAQ,520.00,"2,000.00","1,242.00",Rs./Quintal,20-07-2021
NCT of Delhi,Delhi,Azadpur APMC,Vegetables,Tomato,Tomato,FAQ,520.00,"2,000.00","1,242.00",Rs./Quintal,19-07-2021
NCT of Delhi,Delhi,Azadpur APMC,Vegetables,Tomato,Tomato,FAQ,520.00,"2,000.00","1,242.00",Rs./Quintal,17-07-2021
NCT of Delhi,Delhi,Azadpur APMC,Vegetables,Tomato,Tomato,FAQ,667.00,"2,400.00","1,366.00",Rs./Quintal,16-07-2021
NCT of Delhi,Delhi,Azadpur APMC,Vegetables,Tomato,Tomato,FAQ,667.00,"2,400.00","1,359.00",Rs./Quintal,15-07-2021
NCT of Delhi,Delhi,Azadpur APMC,Vegetables,Tomato,Tomato,FAQ,667.00,"2,400.00","1,359.00",Rs./Quintal,14-07-2021
NCT of Delhi,Delhi,Azadpur APMC,Vegetables,Tomato,Tomato,FAQ,667.00,"1,800.00","1,181.00",Rs./Quintal,13-07-2021
NCT of Delhi,Delhi,Azadpur APMC,Vegetables,Tomato,Tomato,FAQ,667.00,"1,800.00","1,181.00",Rs./Quintal,12-07-2021
NCT of Delhi,Delhi,Azadpur APMC,Vegetables,Tomato,Tomato,FAQ,600.00,"2,000.00","1,250.00",Rs./Quintal,10-07-2021
NCT of Delhi,Delhi,Azadpur APMC,Vegetables,Tomato,Tomato,FAQ,600.00,"2,333.00","1,382.00",Rs./Quintal,09-07-2021
NCT of Delhi,Delhi,Azadpur APMC,Vegetables,Tomato,Tomato,FAQ,600.00,"2,333.00","1,382.00",Rs./Quintal,08-07-2021
NCT of Delhi,Delhi,Azadpur APMC,Vegetables,Tomato,Tomato,FAQ,400.00,"2,667.00","1,369.00",Rs./Quintal,07-07-2021
NCT of Delhi,Delhi,Azadpur APMC,Vegetables,Tomato,Tomato,FAQ,400.00,"2,667.00","1,369.00",Rs./Quintal,06-07-2021
NCT of Delhi,Delhi,Azadpur APMC,Vegetables,Tomato,Tomato,FAQ,400.00,"2,667.00","1,369.00",Rs./Quintal,05-07-2021
NCT of Delhi,Delhi,Azadpur APMC,Vegetables,Tomato,Tomato,FAQ,400.00,"2,667.00","1,369.00",Rs./Quintal,03-07-2021
NCT of Delhi,Delhi,Azadpur APMC,Vegetables,Tomato,Tomato,FAQ,200.00,"1,800.00",777.00,Rs./Quintal,26-06-2021
NCT of Delhi,Delhi,Azadpur APMC,Vegetables,Tomato,Tomato,FAQ,200.00,"1,600.00",749.00,Rs./Quintal,25-06-2021
NCT of Delhi,Delhi,Azadpur APMC,Vegetables,Tomato,Tomato,FAQ,200.00,"1,600.00",749.00,Rs./Quintal,24-06-2021
NCT of Delhi,Delhi,Azadpur APMC,Vegetables,Tomato,Tomato,FAQ,200.00,"1,600.00","1,200.00",Rs./Quintal,23-06-2021
NCT of Delhi,Delhi,Azadpur APMC,Vegetables,Tomato,Tomato,FAQ,120.00,"1,800.00",646.00,Rs./Quintal,22-06-2021
NCT of Delhi,Delhi,Azadpur APMC,Vegetables,Tomato,Tomato,FAQ,120.00,"1,800.00",646.00,Rs./Quintal,21-06-2021
NCT of Delhi,Delhi,Azadpur APMC,Vegetables,Tomato,Tomato,FAQ,120.00,800.00,424.00,Rs./Quintal,19-06-2021
NCT of Delhi,Delhi,Azadpur APMC,Vegetables,Tomato,Tomato,FAQ,120.00,800.00,424.00,Rs./Quintal,18-06-2021
NCT of Delhi,Delhi,Azadpur APMC,Vegetables,Tomato,Tomato,FAQ,120.00,"1,000.00",496.00,Rs./Quintal,17-06-2021
NCT of Delhi,Delhi,Azadpur APMC,Vegetables,Tomato,Tomato,FAQ,240.00,800.00,456.00,Rs./Quintal,16-06-2021
NCT of Delhi,Delhi,Azadpur APMC,Vegetables,Tomato,Tomato,FAQ,240.00,800.00,456.00,Rs./Quintal,15-06-2021
NCT of Delhi,Delhi,Azadpur APMC,Vegetables,Tomato,Tomato,FAQ,240.00,800.00,456.00,Rs./Quintal,14-06-2021
NCT of Delhi,Delhi,Azadpur APMC,Vegetables,Tomato,Tomato,FAQ,160.00,"1,000.00",512.00,Rs./Quintal,12-06-2021
NCT of Delhi,Delhi,Azadpur APMC,Vegetables,Tomato,Tomato,FAQ,240.00,800.00,456.00,Rs./Quintal,11-06-2021
NCT of Delhi,Delhi,Azadpur APMC,Vegetables,Tomato,Tomato,FAQ,240.00,680.00,416.00,Rs./Quintal,10-06-2021
NCT of Delhi,Delhi,Azadpur APMC,Vegetables,Tomato,Tomato,FAQ,240.00,680.00,424.00,Rs./Quintal,09-06-2021
NCT of Delhi,Delhi,Azadpur APMC,Vegetables,Tomato,Tomato,FAQ,240.00,720.00,424.00,Rs./Quintal,08-06-2021
NCT of Delhi,Delhi,Azadpur APMC,Vegetables,Tomato,Tomato,FAQ,200.00,600.00,366.00,Rs./Quintal,07-06-2021
NCT of Delhi,Delhi,Azadpur APMC,Vegetables,Tomato,Tomato,FAQ,200.00,600.00,366.00,Rs./Quintal,05-06-2021
NCT of Delhi,Delhi,Azadpur APMC,Vegetables,Tomato,Tomato,FAQ,200.00,600.00,366.00,Rs./Quintal,04-06-2021
NCT of Delhi,Delhi,Azadpur APMC,Vegetables,Tomato,Tomato,FAQ,100.00,800.00,344.00,Rs./Quintal,31-05-2021
NCT of Delhi,Delhi,Azadpur APMC,Vegetables,Tomato,Tomato,FAQ,100.00,800.00,344.00,Rs./Quintal,29-05-2021
NCT of Delhi,Delhi,Azadpur APMC,Vegetables,Tomato,Tomato,FAQ,100.00,800.00,344.00,Rs./Quintal,28-05-2021
NCT of Delhi,Delhi,Azadpur APMC,Vegetables,Tomato,Tomato,FAQ,100.00,800.00,344.00,Rs./Quintal,27-05-2021
NCT of Delhi,Delhi,Azadpur APMC,Vegetables,Tomato,Tomato,FAQ,280.00,"1,200.00",616.00,Rs./Quintal,26-05-2021
NCT of Delhi,Delhi,Azadpur APMC,Vegetables,Tomato,Tomato,FAQ,280.00,"1,120.00",608.00,Rs./Quintal,25-05-2021
NCT of Delhi,Delhi,Azadpur APMC,Vegetables,Tomato,Tomato,FAQ,280.00,"1,200.00",616.00,Rs./Quintal,24-05-2021
NCT of Delhi,Delhi,Azadpur APMC,Vegetables,Tomato,Tomato,FAQ,280.00,"1,200.00",616.00,Rs./Quintal,22-05-2021
NCT of Delhi,Delhi,Azadpur APMC,Vegetables,Tomato,Tomato,FAQ,160.00,800.00,408.00,Rs./Quintal,21-05-2021
NCT of Delhi,Delhi,Azadpur APMC,Vegetables,Tomato,Tomato,FAQ,160.00,560.00,368.00,Rs./Quintal,20-05-2021
NCT of Delhi,Delhi,Azadpur APMC,Vegetables,Tomato,Tomato,FAQ,160.00,600.00,368.00,Rs./Quintal,19-05-2021
NCT of Delhi,Delhi,Azadpur APMC,Vegetables,Tomato,Tomato,FAQ,160.00,600.00,368.00,Rs./Quintal,18-05-2021
NCT of Delhi,Delhi,Azadpur APMC,Vegetables,Tomato,Tomato,FAQ,160.00,800.00,392.00,Rs./Quintal,17-05-2021
NCT of Delhi,Delhi,Azadpur APMC,Vegetables,Tomato,Tomato,FAQ,160.00,800.00,392.00,Rs./Quintal,15-05-2021
NCT of Delhi,Delhi,Azadpur APMC,Vegetables,Tomato,Tomato,FAQ,200.00,960.00,456.00,Rs./Quintal,14-05-2021
NCT of Delhi,Delhi,Azadpur APMC,Vegetables,Tomato,Tomato,FAQ,200.00,"1,000.00",472.00,Rs./Quintal,13-05-2021
NCT of Delhi,Delhi,Azadpur APMC,Vegetables,Tomato,Tomato,FAQ,200.00,"1,000.00",488.00,Rs./Quintal,12-05-2021
NCT of Delhi,Delhi,Azadpur APMC,Vegetables,Tomato,Tomato,FAQ,200.00,"1,000.00",475.00,Rs./Quintal,11-05-2021
NCT of Delhi,Delhi,Azadpur APMC,Vegetables,Tomato,Tomato,FAQ,200.00,"1,000.00",600.00,Rs./Quintal,10-05-2021
NCT of Delhi,Delhi,Azadpur APMC,Vegetables,Tomato,Tomato,FAQ,200.00,"1,000.00",600.00,Rs./Quintal,08-05-2021
NCT of Delhi,Delhi,Azadpur APMC,Vegetables,Tomato,Tomato,FAQ,200.00,"1,080.00",607.00,Rs./Quintal,07-05-2021
NCT of Delhi,Delhi,Azadpur APMC,Vegetables,Tomato,Tomato,FAQ,200.00,"1,080.00",607.00,Rs./Quintal,06-05-2021
NCT of Delhi,Delhi,Azadpur APMC,Vegetables,Tomato,Tomato,FAQ,200.00,"1,080.00",607.00,Rs./Quintal,05-05-2021
NCT of Delhi,Delhi,Azadpur APMC,Vegetables,Tomato,Tomato,FAQ,200.00,"1,080.00",607.00,Rs./Quintal,04-05-2021
NCT of Delhi,Delhi,Azadpur APMC,Vegetables,Tomato,Tomato,FAQ,200.00,"1,080.00",607.00,Rs./Quintal,03-05-2021
NCT of Delhi,Delhi,Azadpur APMC,Vegetables,Tomato,Tomato,FAQ,200.00,"1,200.00",698.00,Rs./Quintal,30-04-2021
NCT of Delhi,Delhi,Azadpur APMC,Vegetables,Tomato,Tomato,FAQ,200.00,"1,200.00",698.00,Rs./Quintal,29-04-2021
NCT of Delhi,Delhi,Azadpur APMC,Vegetables,Tomato,Tomato,FAQ,200.00,"1,200.00",698.00,Rs./Quintal,28-04-2021
NCT of Delhi,Delhi,Azadpur APMC,Vegetables,Tomato,Tomato,FAQ,200.00,"1,200.00",698.00,Rs./Quintal,27-04-2021
NCT of Delhi,Delhi,Azadpur APMC,Vegetables,Tomato,Tomato,FAQ,200.00,"1,200.00",698.00,Rs./Quintal,26-04-2021
NCT of Delhi,Delhi,Azadpur APMC,Vegetables,Tomato,Tomato,FAQ,200.00,"1,400.00",716.00,Rs./Quintal,24-04-2021
NCT of Delhi,Delhi,Azadpur APMC,Vegetables,Tomato,Tomato,FAQ,200.00,"1,400.00",716.00,Rs./Quintal,23-04-2021
NCT of Delhi,Delhi,Azadpur APMC,Vegetables,Tomato,Tomato,FAQ,320.00,"1,800.00",975.00,Rs./Quintal,22-04-2021
NCT of Delhi,Delhi,Azadpur APMC,Vegetables,Tomato,Tomato,FAQ,320.00,"1,800.00",975.00,Rs./Quintal,21-04-2021
NCT of Delhi,Delhi,Azadpur APMC,Vegetables,Tomato,Tomato,FAQ,320.00,"2,000.00","1,062.00",Rs./Quintal,20-04-2021
NCT of Delhi,Delhi,Azadpur APMC,Vegetables,Tomato,Tomato,FAQ,320.00,"2,000.00","1,062.00",Rs./Quintal,19-04-2021
NCT of Delhi,Delhi,Azadpur APMC,Vegetables,Tomato,Tomato,FAQ,320.00,"2,000.00","1,116.00",Rs./Quintal,17-04-2021
NCT of Delhi,Delhi,Azadpur APMC,Vegetables,Tomato,Tomato,FAQ,400.00,"2,000.00","1,204.00",Rs./Quintal,16-04-2021
NCT of Delhi,Delhi,Azadpur APMC,Vegetables,Tomato,Tomato,FAQ,400.00,"2,000.00","1,204.00",Rs./Quintal,15-04-2021
NCT of Delhi,Delhi,Azadpur APMC,Vegetables,Tomato,Tomato,FAQ,400.00,"2,000.00","1,204.00",Rs./Quintal,14-04-2021
NCT of Delhi,Delhi,Azadpur APMC,Vegetables,Tomato,Tomato,FAQ,400.00,"2,000.00","1,204.00",Rs./Quintal,13-04-2021
NCT of Delhi,Delhi,Azadpur APMC,Vegetables,Tomato,Tomato,FAQ,400.00,"2,000.00","1,051.00",Rs./Quintal,12-04-2021
NCT of Delhi,Delhi,Azadpur APMC,Vegetables,Tomato,Tomato,FAQ,400.00,"1,800.00","1,062.00",Rs./Quintal,10-04-2021
NCT of Delhi,Delhi,Azadpur APMC,Vegetables,Tomato,Tomato,FAQ,400.00,"1,800.00","1,062.00",Rs./Quintal,09-04-2021
NCT of Delhi,Delhi,Azadpur APMC,Vegetables,Tomato,Tomato,FAQ,400.00,"1,800.00","1,204.00",Rs./Quintal,08-04-2021
NCT of Delhi,Delhi,Azadpur APMC,Vegetables,Tomato,Tomato,FAQ,600.00,"1,800.00","1,215.00",Rs./Quintal,07-04-2021
NCT of Delhi,Delhi,Azadpur APMC,Vegetables,Tomato,Tomato,FAQ,600.00,"2,200.00","1,091.00",Rs./Quintal,06-04-2021
NCT of Delhi,Delhi,Azadpur APMC,Vegetables,Tomato,Tomato,FAQ,600.00,"2,200.00","1,091.00",Rs./Quintal,05-04-2021
NCT of Delhi,Delhi,Azadpur APMC,Vegetables,Tomato,Tomato,FAQ,400.00,"1,800.00",851.00,Rs./Quintal,31-03-2021
NCT of Delhi,Delhi,Azadpur APMC,Vegetables,Tomato,Tomato,FAQ,360.00,"1,400.00",716.00,Rs./Quintal,30-03-2021
NCT of Delhi,Delhi,Azadpur APMC,Vegetables,Tomato,Tomato,FAQ,360.00,"1,400.00",716.00,Rs./Quintal,27-03-2021
NCT of Delhi,Delhi,Azadpur APMC,Vegetables,Tomato,Tomato,FAQ,360.00,"1,400.00",716.00,Rs./Quintal,26-03-2021
NCT of Delhi,Delhi,Azadpur APMC,Vegetables,Tomato,Tomato,FAQ,360.00,"1,400.00",716.00,Rs./Quintal,25-03-2021
NCT of Delhi,Delhi,Azadpur APMC,Vegetables,Tomato,Tomato,FAQ,360.00,"1,600.00",778.00,Rs./Quintal,24-03-2021
NCT of Delhi,Delhi,Azadpur APMC,Vegetables,Tomato,Tomato,FAQ,360.00,"1,800.00",789.00,Rs./Quintal,23-03-2021
NCT of Delhi,Delhi,Azadpur APMC,Vegetables,Tomato,Tomato,FAQ,360.00,"1,800.00",789.00,Rs./Quintal,22-03-2021
NCT of Delhi,Delhi,Azadpur APMC,Vegetables,Tomato,Tomato,FAQ,360.00,"1,400.00",713.00,Rs./Quintal,20-03-2021
NCT of Delhi,Delhi,Azadpur APMC,Vegetables,Tomato,Tomato,FAQ,360.00,"1,400.00",713.00,Rs./Quintal,19-03-2021
NCT of Delhi,Delhi,Azadpur APMC,Vegetables,Tomato,Tomato,FAQ,360.00,"1,400.00",713.00,Rs./Quintal,18-03-2021
NCT of Delhi,Delhi,Azadpur APMC,Vegetables,Tomato,Tomato,FAQ,360.00,"1,400.00",720.00,Rs./Quintal,17-03-2021
NCT of Delhi,Delhi,Azadpur APMC,Vegetables,Tomato,Tomato,FAQ,360.00,"1,400.00",720.00,Rs./Quintal,16-03-2021
NCT of Delhi,Delhi,Azadpur APMC,Vegetables,Tomato,Tomato,FAQ,360.00,"1,400.00",720.00,Rs./Quintal,15-03-2021
NCT of Delhi,Delhi,Azadpur APMC,Vegetables,Tomato,Tomato,FAQ,320.00,"1,200.00",651.00,Rs./Quintal,13-03-2021
NCT of Delhi,Delhi,Azadpur APMC,Vegetables,Tomato,Tomato,FAQ,320.00,"1,200.00",629.00,Rs./Quintal,12-03-2021
NCT of Delhi,Delhi,Azadpur APMC,Vegetables,Tomato,Tomato,FAQ,280.00,"1,160.00",578.00,Rs./Quintal,11-03-2021
NCT of Delhi,Delhi,Azadpur APMC,Vegetables,Tomato,Tomato,FAQ,240.00,"1,200.00",607.00,Rs./Quintal,09-03-2021
NCT of Delhi,Delhi,Azadpur APMC,Vegetables,Tomato,Tomato,FAQ,240.00,"1,400.00",644.00,Rs./Quintal,08-03-2021
NCT of Delhi,Delhi,Azadpur APMC,Vegetables,Tomato,Tomato,FAQ,240.00,"1,400.00",644.00,Rs./Quintal,06-03-2021
NCT of Delhi,Delhi,Azadpur APMC,Vegetables,Tomato,Tomato,FAQ,200.00,"1,600.00",647.00,Rs./Quintal,05-03-2021
NCT of Delhi,Delhi,Azadpur APMC,Vegetables,Tomato,Tomato,FAQ,320.00,"1,600.00",647.00,Rs./Quintal,04-03-2021
NCT of Delhi,Delhi,Azadpur APMC,Vegetables,Tomato,Tomato,FAQ,200.00,"1,600.00",647.00,Rs./Quintal,03-03-2021
NCT of Delhi,Delhi,Azadpur APMC,Vegetables,Tomato,Tomato,FAQ,200.00,"1,400.00",604.00,Rs./Quintal,27-02-2021
NCT of Delhi,Delhi,Azadpur APMC,Vegetables,Tomato,Tomato,FAQ,200.00,"1,400.00",604.00,Rs./Quintal,26-02-2021
NCT of Delhi,Delhi,Azadpur APMC,Vegetables,Tomato,Tomato,FAQ,200.00,"1,400.00",604.00,Rs./Quintal,25-02-2021
NCT of Delhi,Delhi,Azadpur APMC,Vegetables,Tomato,Tomato,FAQ,200.00,"1,400.00",604.00,Rs./Quintal,24-02-2021
NCT of Delhi,Delhi,Azadpur APMC,Vegetables,Tomato,Tomato,FAQ,200.00,"1,400.00",615.00,Rs./Quintal,23-02-2021
NCT of Delhi,Delhi,Azadpur APMC,Vegetables,Tomato,Tomato,FAQ,200.00,"1,200.00",615.00,Rs./Quintal,22-02-2021
NCT of Delhi,Delhi,Azadpur APMC,Vegetables,Tomato,Tomato,FAQ,240.00,"1,400.00",687.00,Rs./Quintal,20-02-2021
NCT of Delhi,Delhi,Azadpur APMC,Vegetables,Tomato,Tomato,FAQ,240.00,"1,400.00",687.00,Rs./Quintal,19-02-2021
NCT of Delhi,Delhi,Azadpur APMC,Vegetables,Tomato,Tomato,FAQ,240.00,"1,400.00",687.00,Rs./Quintal,18-02-2021
NCT of Delhi,Delhi,Azadpur APMC,Vegetables,Tomato,Tomato,FAQ,400.00,"2,000.00",975.00,Rs./Quintal,17-02-2021
NCT of Delhi,Delhi,Azadpur APMC,Vegetables,Tomato,Tomato,FAQ,400.00,"2,000.00",975.00,Rs./Quintal,16-02-2021
NCT of Delhi,Delhi,Azadpur APMC,Vegetables,Tomato,Tomato,FAQ,400.00,"1,880.00","1,000.00",Rs./Quintal,15-02-2021
NCT of Delhi,Delhi,Azadpur APMC,Vegetables,Tomato,Tomato,FAQ,400.00,"2,000.00","1,000.00",Rs./Quintal,13-02-2021
NCT of Delhi,Delhi,Azadpur APMC,Vegetables,Tomato,Tomato,FAQ,400.00,"2,000.00","1,000.00",Rs./Quintal,12-02-2021
NCT of Delhi,Delhi,Azadpur APMC,Vegetables,Tomato,Tomato,FAQ,400.00,"2,000.00","1,051.00",Rs./Quintal,11-02-2021
NCT of Delhi,Delhi,Azadpur APMC,Vegetables,Tomato,Tomato,FAQ,400.00,"2,000.00","1,084.00",Rs./Quintal,10-02-2021
NCT of Delhi,Delhi,Azadpur APMC,Vegetables,Tomato,Tomato,FAQ,320.00,"1,600.00",953.00,Rs./Quintal,09-02-2021
NCT of Delhi,Delhi,Azadpur APMC,Vegetables,Tomato,Tomato,FAQ,320.00,"1,600.00",953.00,Rs./Quintal,08-02-2021
NCT of Delhi,Delhi,Azadpur APMC,Vegetables,Tomato,Tomato,FAQ,320.00,"1,400.00",935.00,Rs./Quintal,06-02-2021
NCT of Delhi,Delhi,Azadpur APMC,Vegetables,Tomato,Tomato,FAQ,320.00,"1,400.00",935.00,Rs./Quintal,05-02-2021
NCT of Delhi,Delhi,Azadpur APMC,Vegetables,Tomato,Tomato,FAQ,400.00,"1,600.00","1,000.00",Rs./Quintal,04-02-2021
NCT of Delhi,Delhi,Azadpur APMC,Vegetables,Tomato,Tomato,FAQ,400.00,"1,600.00","1,029.00",Rs./Quintal,03-02-2021
NCT of Delhi,Delhi,Azadpur APMC,Vegetables,Tomato,Tomato,FAQ,400.00,"1,920.00","1,182.00",Rs./Quintal,30-01-2021
NCT of Delhi,Delhi,Azadpur APMC,Vegetables,Tomato,Tomato,FAQ,400.00,"1,920.00","1,182.00",Rs./Quintal,29-01-2021
NCT of Delhi,Delhi,Azadpur APMC,Vegetables,Tomato,Tomato,FAQ,400.00,"1,800.00","1,076.00",Rs./Quintal,28-01-2021
NCT of Delhi,Delhi,Azadpur APMC,Vegetables,Tomato,Tomato,FAQ,320.00,"2,000.00","1,213.00",Rs./Quintal,08-01-2021
NCT of Delhi,Delhi,Azadpur APMC,Vegetables,Tomato,Tomato,FAQ,320.00,"2,000.00","1,176.00",Rs./Quintal,07-01-2021
NCT of Delhi,Delhi,Keshopur APMC,Vegetables,Tomato,Tomato,FAQ,"1,200.00","3,200.00","2,400.00",Rs./Quintal,31-12-2021
NCT of Delhi,Delhi,Keshopur APMC,Vegetables,Tomato,Tomato,FAQ,"1,200.00","3,600.00","2,400.00",Rs./Quintal,30-12-2021
NCT of Delhi,Delhi,Keshopur APMC,Vegetables,Tomato,Tomato,FAQ,"1,600.00","3,200.00","2,400.00",Rs./Quintal,28-12-2021
NCT of Delhi,Delhi,Keshopur APMC,Vegetables,Tomato,Tomato,FAQ,"1,200.00","2,200.00","1,800.00",Rs./Quintal,27-12-2021
NCT of Delhi,Delhi,Keshopur APMC,Vegetables,Tomato,Tomato,FAQ,"1,400.00","3,400.00","2,600.00",Rs./Quintal,26-12-2021
NCT of Delhi,Delhi,Keshopur APMC,Vegetables,Tomato,Tomato,FAQ,"1,800.00","3,000.00","2,400.00",Rs./Quintal,25-12-2021
NCT of Delhi,Delhi,Keshopur APMC,Vegetables,Tomato,Tomato,FAQ,"1,900.00","3,000.00","2,300.00",Rs./Quintal,24-12-2021
NCT of Delhi,Delhi,Keshopur APMC,Vegetables,Tomato,Tomato,FAQ,"1,200.00","3,200.00","2,400.00",Rs./Quintal,23-12-2021
NCT of Delhi,Delhi,Keshopur APMC,Vegetables,Tomato,Tomato,FAQ,"1,400.00","3,200.00","2,600.00",Rs./Quintal,21-12-2021
NCT of Delhi,Delhi,Keshopur APMC,Vegetables,Tomato,Tomato,FAQ,800.00,"1,400.00","1,100.00",Rs./Quintal,20-12-2021
NCT of Delhi,Delhi,Keshopur APMC,Vegetables,Tomato,Tomato,FAQ,"1,200.00","1,800.00","1,600.00",Rs./Quintal,19-12-2021
NCT of Delhi,Delhi,Keshopur APMC,Vegetables,Tomato,Tomato,FAQ,"1,600.00","3,200.00","2,400.00",Rs./Quintal,18-12-2021
NCT of Delhi,Delhi,Keshopur APMC,Vegetables,Tomato,Tomato,FAQ,"1,200.00","3,200.00","2,400.00",Rs./Quintal,17-12-2021
NCT of Delhi,Delhi,Keshopur APMC,Vegetables,Tomato,Tomato,FAQ,"1,800.00","3,400.00","2,500.00",Rs./Quintal,16-12-2021
NCT of Delhi,Delhi,Keshopur APMC,Vegetables,Tomato,Tomato,FAQ,"1,000.00","3,300.00","2,300.00",Rs./Quintal,14-12-2021
NCT of Delhi,Delhi,Keshopur APMC,Vegetables,Tomato,Tomato,FAQ,"1,200.00","3,600.00","2,400.00",Rs./Quintal,12-12-2021
NCT of Delhi,Delhi,Keshopur APMC,Vegetables,Tomato,Tomato,FAQ,"2,400.00","4,800.00","3,800.00",Rs./Quintal,11-12-2021
NCT of Delhi,Delhi,Keshopur APMC,Vegetables,Tomato,Tomato,FAQ,"2,400.00","5,600.00","4,600.00",Rs./Quintal,30-11-2021
NCT of Delhi,Delhi,Keshopur APMC,Vegetables,Tomato,Tomato,FAQ,"2,400.00","5,600.00","4,600.00",Rs./Quintal,29-11-2021
NCT of Delhi,Delhi,Keshopur APMC,Vegetables,Tomato,Tomato,FAQ,"2,000.00","5,200.00","4,000.00",Rs./Quintal,27-11-2021
NCT of Delhi,Delhi,Keshopur APMC,Vegetables,Tomato,Tomato,FAQ,"2,400.00","4,200.00","3,400.00",Rs./Quintal,26-11-2021
NCT of Delhi,Delhi,Keshopur APMC,Vegetables,Tomato,Tomato,FAQ,"2,400.00","4,800.00","3,600.00",Rs./Quintal,25-11-2021
NCT of Delhi,Delhi,Keshopur APMC,Vegetables,Tomato,Tomato,FAQ,"1,000.00","3,000.00","2,000.00",Rs./Quintal,23-11-2021
NCT of Delhi,Delhi,Keshopur APMC,Vegetables,Tomato,Tomato,FAQ,"4,800.00","8,000.00","6,800.00",Rs./Quintal,22-11-2021
NCT of Delhi,Delhi,Keshopur APMC,Vegetables,Tomato,Tomato,FAQ,"4,800.00","8,400.00","6,800.00",Rs./Quintal,21-11-2021
NCT of Delhi,Delhi,Keshopur APMC,Vegetables,Tomato,Tomato,FAQ,"6,000.00","8,000.00","7,000.00",Rs./Quintal,20-11-2021
NCT of Delhi,Delhi,Keshopur APMC,Vegetables,Tomato,Tomato,FAQ,"5,600.00","8,000.00","7,200.00",Rs./Quintal,19-11-2021
NCT of Delhi,Delhi,Keshopur APMC,Vegetables,Tomato,Tomato,FAQ,"4,000.00","5,600.00","5,000.00",Rs./Quintal,18-11-2021
NCT of Delhi,Delhi,Keshopur APMC,Vegetables,Tomato,Tomato,FAQ,"3,600.00","5,600.00","4,800.00",Rs./Quintal,16-11-2021
NCT of Delhi,Delhi,Keshopur APMC,Vegetables,Tomato,Tomato,FAQ,"3,400.00","5,600.00","4,600.00",Rs./Quintal,15-11-2021
NCT of Delhi,Delhi,Keshopur APMC,Vegetables,Tomato,Tomato,FAQ,"3,600.00","5,600.00","4,800.00",Rs./Quintal,14-11-2021
NCT of Delhi,Delhi,Keshopur APMC,Vegetables,Tomato,Tomato,FAQ,"3,600.00","5,600.00","4,800.00",Rs./Quintal,13-11-2021
NCT of Delhi,Delhi,Keshopur APMC,Vegetables,Tomato,Tomato,FAQ,"3,000.00","4,800.00","4,000.00",Rs./Quintal,12-11-2021
NCT of Delhi,Delhi,Keshopur APMC,Vegetables,Tomato,Tomato,FAQ,"3,000.00","5,200.00","4,400.00",Rs./Quintal,09-11-2021
NCT of Delhi,Delhi,Keshopur APMC,Vegetables,Tomato,Tomato,FAQ,"3,200.00","4,800.00","4,200.00",Rs./Quintal,08-11-2021
NCT of Delhi,Delhi,Keshopur APMC,Vegetables,Tomato,Tomato,FAQ,"3,200.00","4,800.00","4,200.00",Rs./Quintal,07-11-2021
NCT of Delhi,Delhi,Keshopur APMC,Vegetables,Tomato,Tomato,FAQ,"2,200.00","4,600.00","3,800.00",Rs./Quintal,06-11-2021
NCT of Delhi,Delhi,Keshopur APMC,Vegetables,Tomato,Tomato,FAQ,"2,000.00","4,400.00","3,600.00",Rs./Quintal,05-11-2021
NCT of Delhi,Delhi,Keshopur APMC,Vegetables,Tomato,Tomato,FAQ,"2,400.00","4,800.00","3,600.00",Rs./Quintal,02-11-2021
NCT of Delhi,Delhi,Keshopur APMC,Vegetables,Tomato,Tomato,FAQ,"2,400.00","4,600.00","3,800.00",Rs./Quintal,31-10-2021
NCT of Delhi,Delhi,Keshopur APMC,Vegetables,Tomato,Tomato,FAQ,"2,400.00","4,800.00","4,000.00",Rs./Quintal,30-10-2021
NCT of Delhi,Delhi,Keshopur APMC,Vegetables,Tomato,Tomato,FAQ,"3,200.00","5,200.00","4,200.00",Rs./Quintal,29-10-2021
NCT of Delhi,Delhi,Keshopur APMC,Vegetables,Tomato,Tomato,FAQ,"3,200.00","5,200.00","4,200.00",Rs./Quintal,26-10-2021
NCT of Delhi,Delhi,Keshopur APMC,Vegetables,Tomato,Tomato,FAQ,"2,400.00","4,400.00","3,400.00",Rs./Quintal,25-10-2021
NCT of Delhi,Delhi,Keshopur APMC,Vegetables,Tomato,Tomato,FAQ,"2,600.00","4,600.00","3,600.00",Rs./Quintal,24-10-2021
NCT of Delhi,Delhi,Keshopur APMC,Vegetables,Tomato,Tomato,FAQ,"2,800.00","4,800.00","4,000.00",Rs./Quintal,23-10-2021
NCT of Delhi,Delhi,Keshopur APMC,Vegetables,Tomato,Tomato,FAQ,"3,200.00","5,200.00","4,400.00",Rs./Quintal,22-10-2021
NCT of Delhi,Delhi,Keshopur APMC,Vegetables,Tomato,Tomato,FAQ,"2,800.00","6,800.00","5,400.00",Rs./Quintal,21-10-2021
NCT of Delhi,Delhi,Keshopur APMC,Vegetables,Tomato,Tomato,FAQ,"2,800.00","6,400.00","5,000.00",Rs./Quintal,19-10-2021
NCT of Delhi,Delhi,Keshopur APMC,Vegetables,Tomato,Tomato,FAQ,"2,400.00","4,800.00","4,000.00",Rs./Quintal,18-10-2021
NCT of Delhi,Delhi,Keshopur APMC,Vegetables,Tomato,Tomato,FAQ,"2,800.00","4,800.00","4,000.00",Rs./Quintal,17-10-2021
NCT of Delhi,Delhi,Keshopur APMC,Vegetables,Tomato,Tomato,FAQ,"3,200.00","6,000.00","4,800.00",Rs./Quintal,16-10-2021
NCT of Delhi,Delhi,Keshopur APMC,Vegetables,Tomato,Tomato,FAQ,"3,200.00","5,600.00","4,800.00",Rs./Quintal,15-10-2021
NCT of Delhi,Delhi,Keshopur APMC,Vegetables,Tomato,Tomato,FAQ,"3,200.00","6,000.00","5,200.00",Rs./Quintal,12-10-2021
NCT of Delhi,Delhi,Keshopur APMC,Vegetables,Tomato,Tomato,FAQ,"2,800.00","5,400.00","4,400.00",Rs./Quintal,11-10-2021
NCT of Delhi,Delhi,Keshopur APMC,Vegetables,Tomato,Tomato,FAQ,"2,000.00","4,800.00","3,600.00",Rs./Quintal,10-10-2021
NCT of Delhi,Delhi,Keshopur APMC,Vegetables,Tomato,Tomato,FAQ,"2,400.00","4,400.00","3,600.00",Rs./Quintal,09-10-2021
NCT of Delhi,Delhi,Keshopur APMC,Vegetables,Tomato,Tomato,FAQ,"3,000.00","5,000.00","3,900.00",Rs./Quintal,08-10-2021
NCT of Delhi,Delhi,Keshopur APMC,Vegetables,Tomato,Tomato,FAQ,"1,200.00","3,200.00","2,400.00",Rs./Quintal,28-09-2021
NCT of Delhi,Delhi,Keshopur APMC,Vegetables,Tomato,Tomato,FAQ,"1,400.00","2,400.00","2,000.00",Rs./Quintal,27-09-2021
NCT of Delhi,Delhi,Keshopur APMC,Vegetables,Tomato,Tomato,FAQ,"1,600.00","2,400.00","2,000.00",Rs./Quintal,26-09-2021
NCT of Delhi,Delhi,Keshopur APMC,Vegetables,Tomato,Tomato,FAQ,"1,600.00","2,800.00","2,200.00",Rs./Quintal,25-09-2021
NCT of Delhi,Delhi,Keshopur APMC,Vegetables,Tomato,Tomato,FAQ,"1,400.00","2,400.00","2,000.00",Rs./Quintal,24-09-2021
NCT of Delhi,Delhi,Keshopur APMC,Vegetables,Tomato,Tomato,FAQ,"1,300.00","2,300.00","1,800.00",Rs./Quintal,21-09-2021
NCT of Delhi,Delhi,Keshopur APMC,Vegetables,Tomato,Tomato,FAQ,"1,300.00","2,300.00","1,800.00",Rs./Quintal,20-09-2021
NCT of Delhi,Delhi,Keshopur APMC,Vegetables,Tomato,Tomato,FAQ,"1,200.00","1,800.00","1,600.00",Rs./Quintal,19-09-2021
NCT of Delhi,Delhi,Keshopur APMC,Vegetables,Tomato,Tomato,FAQ,"1,200.00","2,200.00","1,700.00",Rs./Quintal,18-09-2021
NCT of Delhi,Delhi,Keshopur APMC,Vegetables,Tomato,Tomato,FAQ,"1,200.00","2,200.00","1,700.00",Rs./Quintal,16-09-2021
NCT of Delhi,Delhi,Keshopur APMC,Vegetables,Tomato,Tomato,FAQ,800.00,"1,800.00","1,400.00",Rs./Quintal,14-09-2021
NCT of Delhi,Delhi,Keshopur APMC,Vegetables,Tomato,Tomato,FAQ,"1,000.00","1,600.00","1,400.00",Rs./Quintal,12-09-2021
NCT of Delhi,Delhi,Keshopur APMC,Vegetables,Tomato,Tomato,FAQ,800.00,"1,400.00","1,100.00",Rs./Quintal,11-09-2021
NCT of Delhi,Delhi,Keshopur APMC,Vegetables,Tomato,Tomato,FAQ,"1,000.00","1,600.00","1,400.00",Rs./Quintal,10-09-2021
NCT of Delhi,Delhi,Keshopur APMC,Vegetables,Tomato,Tomato,FAQ,"1,100.00","2,100.00","1,600.00",Rs./Quintal,09-09-2021
NCT of Delhi,Delhi,Keshopur APMC,Vegetables,Tomato,Tomato,FAQ,"1,000.00","1,600.00","1,300.00",Rs./Quintal,06-09-2021
NCT of Delhi,Delhi,Keshopur APMC,Vegetables,Tomato,Tomato,FAQ,"1,000.00","2,400.00","1,800.00",Rs./Quintal,05-09-2021
NCT of Delhi,Delhi,Keshopur APMC,Vegetables,Tomato,Tomato,FAQ,"1,200.00","2,000.00","1,600.00",Rs./Quintal,04-09-2021
NCT of Delhi,Delhi,Keshopur APMC,Vegetables,Tomato,Tomato,FAQ,"1,000.00","1,600.00","1,300.00",Rs./Quintal,03-09-2021
NCT of Delhi,Delhi,Keshopur APMC,Vegetables,Tomato,Tomato,FAQ,"1,000.00","1,600.00","1,300.00",Rs./Quintal,31-08-2021
NCT of Delhi,Delhi,Keshopur APMC,Vegetables,Tomato,Tomato,FAQ,"1,200.00","2,000.00","1,600.00",Rs./Quintal,23-08-2021
NCT of Delhi,Delhi,Keshopur APMC,Vegetables,Tomato,Tomato,FAQ,"1,400.00","1,600.00","1,500.00",Rs./Quintal,22-08-2021
NCT of Delhi,Delhi,Keshopur APMC,Vegetables,Tomato,Tomato,FAQ,"1,000.00","1,600.00","1,400.00",Rs./Quintal,21-08-2021
NCT of Delhi,Delhi,Keshopur APMC,Vegetables,Tomato,Tomato,FAQ,"1,200.00","2,400.00","1,800.00",Rs./Quintal,20-08-2021
NCT of Delhi,Delhi,Keshopur APMC,Vegetables,Tomato,Tomato,FAQ,"1,000.00","1,800.00","1,500.00",Rs./Quintal,16-08-2021
NCT of Delhi,Delhi,Keshopur APMC,Vegetables,Tomato,Tomato,FAQ,"1,200.00","2,400.00","2,000.00",Rs./Quintal,14-08-2021
NCT of Delhi,Delhi,Keshopur APMC,Vegetables,Tomato,Tomato,FAQ,"1,200.00","2,400.00","1,800.00",Rs./Quintal,09-08-2021
NCT of Delhi,Delhi,Keshopur APMC,Vegetables,Tomato,Tomato,FAQ,"1,200.00","2,400.00","2,000.00",Rs./Quintal,08-08-2021
NCT of Delhi,Delhi,Keshopur APMC,Vegetables,Tomato,Tomato,FAQ,"1,200.00","2,000.00","1,600.00",Rs./Quintal,07-08-2021
NCT of Delhi,Delhi,Keshopur APMC,Vegetables,Tomato,Tomato,FAQ,"1,000.00","2,400.00","1,800.00",Rs./Quintal,06-08-2021
NCT of Delhi,Delhi,Keshopur APMC,Vegetables,Tomato,Tomato,FAQ,"1,200.00","2,400.00","1,800.00",Rs./Quintal,05-08-2021
NCT of Delhi,Delhi,Keshopur APMC,Vegetables,Tomato,Tomato,FAQ,"1,400.00","2,400.00","2,000.00",Rs./Quintal,02-08-2021
NCT of Delhi,Delhi,Keshopur APMC,Vegetables,Tomato,Tomato,FAQ,"1,600.00","2,800.00","2,200.00",Rs./Quintal,31-07-2021
NCT of Delhi,Delhi,Keshopur APMC,Vegetables,Tomato,Tomato,FAQ,"1,600.00","3,000.00","2,400.00",Rs./Quintal,30-07-2021
NCT of Delhi,Delhi,Keshopur APMC,Vegetables,Tomato,Tomato,FAQ,"1,600.00","4,400.00","3,200.00",Rs./Quintal,27-07-2021
NCT of Delhi,Delhi,Keshopur APMC,Vegetables,Tomato,Tomato,FAQ,"2,000.00","4,000.00","3,200.00",Rs./Quintal,26-07-2021
NCT of Delhi,Delhi,Keshopur APMC,Vegetables,Tomato,Tomato,FAQ,"2,000.00","4,800.00","3,400.00",Rs./Quintal,24-07-2021
NCT of Delhi,Delhi,Keshopur APMC,Vegetables,Tomato,Tomato,FAQ,"2,000.00","4,800.00","3,500.00",Rs./Quintal,23-07-2021
NCT of Delhi,Delhi,Keshopur APMC,Vegetables,Tomato,Tomato,FAQ,"2,000.00","3,000.00","2,500.00",Rs./Quintal,20-07-2021
NCT of Delhi,Delhi,Keshopur APMC,Vegetables,Tomato,Tomato,FAQ,"1,000.00","2,400.00","1,800.00",Rs./Quintal,19-07-2021
NCT of Delhi,Delhi,Keshopur APMC,Vegetables,Tomato,Tomato,FAQ,"1,200.00","2,800.00","2,200.00",Rs./Quintal,18-07-2021
NCT of Delhi,Delhi,Keshopur APMC,Vegetables,Tomato,Tomato,FAQ,"1,200.00","2,000.00","1,700.00",Rs./Quintal,17-07-2021
NCT of Delhi,Delhi,Keshopur APMC,Vegetables,Tomato,Tomato,FAQ,800.00,"1,600.00","1,200.00",Rs./Quintal,16-07-2021
NCT of Delhi,Delhi,Keshopur APMC,Vegetables,Tomato,Tomato,FAQ,"1,600.00","2,800.00","2,400.00",Rs./Quintal,13-07-2021
NCT of Delhi,Delhi,Keshopur APMC,Vegetables,Tomato,Tomato,FAQ,"1,000.00","2,400.00","1,800.00",Rs./Quintal,12-07-2021
NCT of Delhi,Delhi,Keshopur APMC,Vegetables,Tomato,Tomato,FAQ,"1,400.00","2,400.00","2,000.00",Rs./Quintal,05-07-2021
NCT of Delhi,Delhi,Keshopur APMC,Vegetables,Tomato,Tomato,FAQ,"1,400.00","3,000.00","2,000.00",Rs./Quintal,02-07-2021
NCT of Delhi,Delhi,Keshopur APMC,Vegetables,Tomato,Tomato,FAQ,500.00,"2,000.00","1,300.00",Rs./Quintal,01-07-2021
NCT of Delhi,Delhi,Keshopur APMC,Vegetables,Tomato,Tomato,FAQ,500.00,"2,000.00","1,300.00",Rs./Quintal,22-06-2021
NCT of Delhi,Delhi,Keshopur APMC,Vegetables,Tomato,Tomato,FAQ,400.00,"2,000.00","1,200.00",Rs./Quintal,21-06-2021
NCT of Delhi,Delhi,Keshopur APMC,Vegetables,Tomato,Tomato,FAQ,500.00,"1,000.00",800.00,Rs./Quintal,13-06-2021
NCT of Delhi,Delhi,Keshopur APMC,Vegetables,Tomato,Tomato,FAQ,400.00,"1,000.00",700.00,Rs./Quintal,12-06-2021
NCT of Delhi,Delhi,Keshopur APMC,Vegetables,Tomato,Tomato,FAQ,400.00,800.00,600.00,Rs./Quintal,11-06-2021
NCT of Delhi,Delhi,Keshopur APMC,Vegetables,Tomato,Tomato,FAQ,200.00,600.00,400.00,Rs./Quintal,10-06-2021
NCT of Delhi,Delhi,Keshopur APMC,Vegetables,Tomato,Tomato,FAQ,200.00,500.00,350.00,Rs./Quintal,08-06-2021
NCT of Delhi,Delhi,Keshopur APMC,Vegetables,Tomato,Tomato,FAQ,300.00,600.00,450.00,Rs./Quintal,07-06-2021
NCT of Delhi,Delhi,Keshopur APMC,Vegetables,Tomato,Tomato,FAQ,300.00,700.00,500.00,Rs./Quintal,06-06-2021
NCT of Delhi,Delhi,Keshopur APMC,Vegetables,Tomato,Tomato,FAQ,300.00,700.00,500.00,Rs./Quintal,05-06-2021
NCT of Delhi,Delhi,Keshopur APMC,Vegetables,Tomato,Tomato,FAQ,200.00,600.00,400.00,Rs./Quintal,04-06-2021
NCT of Delhi,Delhi,Keshopur APMC,Vegetables,Tomato,Tomato,FAQ,300.00,600.00,450.00,Rs./Quintal,03-06-2021
NCT of Delhi,Delhi,Keshopur APMC,Vegetables,Tomato,Tomato,FAQ,500.00,900.00,700.00,Rs./Quintal,01-06-2021
NCT of Delhi,Delhi,Keshopur APMC,Vegetables,Tomato,Tomato,FAQ,500.00,"1,000.00",800.00,Rs./Quintal,29-05-2021
NCT of Delhi,Delhi,Keshopur APMC,Vegetables,Tomato,Tomato,FAQ,400.00,800.00,600.00,Rs./Quintal,28-05-2021
NCT of Delhi,Delhi,Keshopur APMC,Vegetables,Tomato,Tomato,FAQ,200.00,500.00,350.00,Rs./Quintal,27-05-2021
NCT of Delhi,Delhi,Keshopur APMC,Vegetables,Tomato,Tomato,FAQ,200.00,500.00,350.00,Rs./Quintal,25-05-2021
NCT of Delhi,Delhi,Keshopur APMC,Vegetables,Tomato,Tomato,FAQ,200.00,400.00,300.00,Rs./Quintal,24-05-2021
NCT of Delhi,Delhi,Keshopur APMC,Vegetables,Tomato,Tomato,FAQ,300.00,700.00,500.00,Rs./Quintal,23-05-2021
NCT of Delhi,Delhi,Keshopur APMC,Vegetables,Tomato,Tomato,FAQ,400.00,800.00,600.00,Rs./Quintal,22-05-2021
NCT of Delhi,Delhi,Keshopur APMC,Vegetables,Tomato,Tomato,FAQ,300.00,700.00,500.00,Rs./Quintal,21-05-2021
NCT of Delhi,Delhi,Keshopur APMC,Vegetables,Tomato,Tomato,FAQ,300.00,600.00,450.00,Rs./Quintal,20-05-2021
NCT of Delhi,Delhi,Keshopur APMC,Vegetables,Tomato,Tomato,FAQ,300.00,600.00,450.00,Rs./Quintal,18-05-2021
NCT of Delhi,Delhi,Keshopur APMC,Vegetables,Tomato,Tomato,FAQ,300.00,600.00,450.00,Rs./Quintal,17-05-2021
NCT of Delhi,Delhi,Keshopur APMC,Vegetables,Tomato,Tomato,FAQ,300.00,600.00,450.00,Rs./Quintal,16-05-2021
NCT of Delhi,Delhi,Keshopur APMC,Vegetables,Tomato,Tomato,FAQ,300.00,500.00,400.00,Rs./Quintal,15-05-2021
NCT of Delhi,Delhi,Keshopur APMC,Vegetables,Tomato,Tomato,FAQ,200.00,500.00,350.00,Rs./Quintal,14-05-2021
NCT of Delhi,Delhi,Keshopur APMC,Vegetables,Tomato,Tomato,FAQ,300.00,700.00,500.00,Rs./Quintal,11-05-2021
NCT of Delhi,Delhi,Keshopur APMC,Vegetables,Tomato,Tomato,FAQ,300.00,900.00,600.00,Rs./Quintal,10-05-2021
NCT of Delhi,Delhi,Keshopur APMC,Vegetables,Tomato,Tomato,FAQ,200.00,400.00,300.00,Rs./Quintal,23-04-2021
NCT of Delhi,Delhi,Keshopur APMC,Vegetables,Tomato,Tomato,FAQ,600.00,"1,200.00",900.00,Rs./Quintal,22-04-2021
NCT of Delhi,Delhi,Keshopur APMC,Vegetables,Tomato,Tomato,FAQ,600.00,"2,000.00","1,500.00",Rs./Quintal,20-04-2021
NCT of Delhi,Delhi,Keshopur APMC,Vegetables,Tomato,Tomato,FAQ,600.00,"1,400.00","1,000.00",Rs./Quintal,17-04-2021
NCT of Delhi,Delhi,Keshopur APMC,Vegetables,Tomato,Tomato,FAQ,600.00,"1,400.00","1,000.00",Rs./Quintal,16-04-2021
NCT of Delhi,Delhi,Keshopur APMC,Vegetables,Tomato,Tomato,FAQ,800.00,"1,800.00","1,400.00",Rs./Quintal,15-04-2021
NCT of Delhi,Delhi,Keshopur APMC,Vegetables,Tomato,Tomato,FAQ,600.00,"2,000.00","1,500.00",Rs./Quintal,13-04-2021
NCT of Delhi,Delhi,Keshopur APMC,Vegetables,Tomato,Tomato,FAQ,600.00,"2,000.00","1,500.00",Rs./Quintal,12-04-2021
NCT of Delhi,Delhi,Keshopur APMC,Vegetables,Tomato,Tomato,FAQ,800.00,"1,600.00","1,200.00",Rs./Quintal,09-04-2021
NCT of Delhi,Delhi,Keshopur APMC,Vegetables,Tomato,Tomato,FAQ,800.00,"1,800.00","1,500.00",Rs./Quintal,06-04-2021
NCT of Delhi,Delhi,Keshopur APMC,Vegetables,Tomato,Tomato,FAQ,"1,000.00","1,800.00","1,500.00",Rs./Quintal,05-04-2021
NCT of Delhi,Delhi,Keshopur APMC,Vegetables,Tomato,Tomato,FAQ,"1,200.00","2,200.00","1,800.00",Rs./Quintal,04-04-2021
NCT of Delhi,Delhi,Keshopur APMC,Vegetables,Tomato,Tomato,FAQ,"1,200.00","2,400.00","2,000.00",Rs./Quintal,03-04-2021
NCT of Delhi,Delhi,Keshopur APMC,Vegetables,Tomato,Tomato,FAQ,600.00,"1,400.00","1,000.00",Rs./Quintal,25-03-2021
NCT of Delhi,Delhi,Keshopur APMC,Vegetables,Tomato,Tomato,FAQ,600.00,"1,300.00","1,000.00",Rs./Quintal,23-03-2021
NCT of Delhi,Delhi,Keshopur APMC,Vegetables,Tomato,Tomato,FAQ,500.00,"1,200.00",850.00,Rs./Quintal,22-03-2021
NCT of Delhi,Delhi,Keshopur APMC,Vegetables,Tomato,Tomato,FAQ,400.00,"1,000.00",700.00,Rs./Quintal,19-03-2021
NCT of Delhi,Delhi,Keshopur APMC,Vegetables,Tomato,Tomato,FAQ,600.00,"1,200.00",900.00,Rs./Quintal,18-03-2021
NCT of Delhi,Delhi,Keshopur APMC,Vegetables,Tomato,Tomato,FAQ,400.00,"1,200.00",800.00,Rs./Quintal,16-03-2021
NCT of Delhi,Delhi,Keshopur APMC,Vegetables,Tomato,Tomato,FAQ,400.00,"1,200.00",800.00,Rs./Quintal,15-03-2021
NCT of Delhi,Delhi,Keshopur APMC,Vegetables,Tomato,Tomato,FAQ,400.00,"1,200.00",800.00,Rs./Quintal,14-03-2021
NCT of Delhi,Delhi,Keshopur APMC,Vegetables,Tomato,Tomato,FAQ,400.00,"1,200.00",800.00,Rs./Quintal,13-03-2021
NCT of Delhi,Delhi,Keshopur APMC,Vegetables,Tomato,Tomato,FAQ,600.00,"1,000.00",800.00,Rs./Quintal,12-03-2021
NCT of Delhi,Delhi,Keshopur APMC,Vegetables,Tomato,Tomato,FAQ,400.00,"1,000.00",700.00,Rs./Quintal,11-03-2021
NCT of Delhi,Delhi,Keshopur APMC,Vegetables,Tomato,Tomato,FAQ,600.00,"1,000.00",800.00,Rs./Quintal,09-03-2021
NCT of Delhi,Delhi,Keshopur APMC,Vegetables,Tomato,Tomato,FAQ,"1,000.00","2,000.00","1,600.00",Rs./Quintal,08-03-2021
NCT of Delhi,Delhi,Keshopur APMC,Vegetables,Tomato,Tomato,FAQ,"1,000.00","1,800.00","1,400.00",Rs./Quintal,07-03-2021
NCT of Delhi,Delhi,Keshopur APMC,Vegetables,Tomato,Tomato,FAQ,900.00,"1,600.00","1,300.00",Rs./Quintal,06-03-2021
NCT of Delhi,Delhi,Keshopur APMC,Vegetables,Tomato,Tomato,FAQ,"1,200.00","1,600.00","1,400.00",Rs./Quintal,05-03-2021
NCT of Delhi,Delhi,Keshopur APMC,Vegetables,Tomato,Tomato,FAQ,"1,000.00","1,400.00","1,200.00",Rs./Quintal,04-03-2021
NCT of Delhi,Delhi,Keshopur APMC,Vegetables,Tomato,Tomato,FAQ,800.00,"1,400.00","1,200.00",Rs./Quintal,02-03-2021
NCT of Delhi,Delhi,Keshopur APMC,Vegetables,Tomato,Tomato,FAQ,500.00,"1,100.00",800.00,Rs./Quintal,01-03-2021
NCT of Delhi,Delhi,Keshopur APMC,Vegetables,Tomato,Tomato,FAQ,600.00,"1,200.00","1,000.00",Rs./Quintal,28-02-2021
NCT of Delhi,Delhi,Keshopur APMC,Vegetables,Tomato,Tomato,FAQ,600.00,"1,200.00","1,000.00",Rs./Quintal,27-02-2021
NCT of Delhi,Delhi,Keshopur APMC,Vegetables,Tomato,Tomato,FAQ,"1,000.00","1,500.00","1,400.00",Rs./Quintal,23-02-2021
NCT of Delhi,Delhi,Keshopur APMC,Vegetables,Tomato,Tomato,FAQ,"1,000.00","1,600.00","1,500.00",Rs./Quintal,22-02-2021
NCT of Delhi,Delhi,Keshopur APMC,Vegetables,Tomato,Tomato,FAQ,"1,000.00","1,600.00","1,500.00",Rs./Quintal,21-02-2021
NCT of Delhi,Delhi,Keshopur APMC,Vegetables,Tomato,Tomato,FAQ,"1,000.00","1,700.00","1,500.00",Rs./Quintal,20-02-2021
NCT of Delhi,Delhi,Keshopur APMC,Vegetables,Tomato,Tomato,FAQ,"1,000.00","1,800.00","1,600.00",Rs./Quintal,19-02-2021
NCT of Delhi,Delhi,Keshopur APMC,Vegetables,Tomato,Tomato,FAQ,"1,100.00","2,300.00","1,900.00",Rs./Quintal,18-02-2021
NCT of Delhi,Delhi,Keshopur APMC,Vegetables,Tomato,Tomato,FAQ,"1,000.00","2,200.00","1,700.00",Rs./Quintal,17-02-2021
NCT of Delhi,Delhi,Keshopur APMC,Vegetables,Tomato,Tomato,FAQ,"1,000.00","2,200.00","1,800.00",Rs./Quintal,14-02-2021
NCT of Delhi,Delhi,Keshopur APMC,Vegetables,Tomato,Tomato,FAQ,"1,200.00","2,400.00","1,800.00",Rs./Quintal,09-02-2021
NCT of Delhi,Delhi,Keshopur APMC,Vegetables,Tomato,Tomato,FAQ,"1,000.00","2,000.00","1,600.00",Rs./Quintal,08-02-2021
NCT of Delhi,Delhi,Keshopur APMC,Vegetables,Tomato,Tomato,FAQ,"1,000.00","1,800.00","1,400.00",Rs./Quintal,07-02-2021
NCT of Delhi,Delhi,Keshopur APMC,Vegetables,Tomato,Tomato,FAQ,"1,200.00","1,800.00","1,500.00",Rs./Quintal,06-02-2021
NCT of Delhi,Delhi,Keshopur APMC,Vegetables,Tomato,Tomato,FAQ,"1,000.00","1,600.00","1,400.00",Rs./Quintal,05-02-2021
NCT of Delhi,Delhi,Keshopur APMC,Vegetables,Tomato,Tomato,FAQ,800.00,"1,500.00","1,200.00",Rs./Quintal,04-02-2021
NCT of Delhi,Delhi,Keshopur APMC,Vegetables,Tomato,Tomato,FAQ,800.00,"1,600.00","1,200.00",Rs./Quintal,31-01-2021
NCT of Delhi,Delhi,Keshopur APMC,Vegetables,Tomato,Tomato,FAQ,600.00,"1,400.00","1,100.00",Rs./Quintal,30-01-2021
NCT of Delhi,Delhi,Keshopur APMC,Vegetables,Tomato,Tomato,FAQ,600.00,"1,600.00","1,100.00",Rs./Quintal,29-01-2021
NCT of Delhi,Delhi,Keshopur APMC,Vegetables,Tomato,Tomato,FAQ,700.00,"1,800.00","1,500.00",Rs./Quintal,28-01-2021
NCT of Delhi,Delhi,Keshopur APMC,Vegetables,Tomato,Tomato,FAQ,600.00,"1,700.00","1,400.00",Rs./Quintal,27-01-2021
NCT of Delhi,Delhi,Keshopur APMC,Vegetables,Tomato,Tomato,FAQ,600.00,"1,000.00",800.00,Rs./Quintal,24-01-2021
NCT of Delhi,Delhi,Keshopur APMC,Vegetables,Tomato,Tomato,FAQ,600.00,"1,200.00",900.00,Rs./Quintal,23-01-2021
NCT of Delhi,Delhi,Keshopur APMC,Vegetables,Tomato,Tomato,FAQ,600.00,"1,200.00",900.00,Rs./Quintal,22-01-2021
NCT of Delhi,Delhi,Keshopur APMC,Vegetables,Tomato,Tomato,FAQ,600.00,"1,400.00","1,000.00",Rs./Quintal,21-01-2021
NCT of Delhi,Delhi,Keshopur APMC,Vegetables,Tomato,Tomato,FAQ,600.00,"1,400.00","1,000.00",Rs./Quintal,19-01-2021
NCT of Delhi,Delhi,Keshopur APMC,Vegetables,Tomato,Tomato,FAQ,"1,000.00","1,800.00","1,400.00",Rs./Quintal,12-01-2021
NCT of Delhi,Delhi,Keshopur APMC,Vegetables,Tomato,Tomato,FAQ,"1,000.00","2,000.00","1,600.00",Rs./Quintal,11-01-2021
NCT of Delhi,Delhi,Keshopur APMC,Vegetables,Tomato,Tomato,FAQ,600.00,"1,600.00","1,200.00",Rs./Quintal,09-01-2021
NCT of Delhi,Delhi,Keshopur APMC,Vegetables,Tomato,Tomato,FAQ,800.00,"1,600.00","1,300.00",Rs./Quintal,08-01-2021
NCT of Delhi,Delhi,Keshopur APMC,Vegetables,Tomato,Tomato,FAQ,"1,000.00","1,800.00","1,400.00",Rs./Quintal,07-01-2021
NCT of Delhi,Delhi,Keshopur APMC,Vegetables,Tomato,Tomato,FAQ,"1,400.00","2,400.00","2,000.00",Rs./Quintal,04-01-2021
NCT of Delhi,Delhi,Shahdara APMC,Vegetables,Tomato,Tomato,FAQ,"2,200.00","2,800.00","2,400.00",Rs./Quintal,30-12-2021
NCT of Delhi,Delhi,Shahdara APMC,Vegetables,Tomato,Tomato,FAQ,"2,000.00","2,600.00","2,300.00",Rs./Quintal,29-12-2021
NCT of Delhi,Delhi,Shahdara APMC,Vegetables,Tomato,Tomato,FAQ,"1,700.00","2,200.00","1,900.00",Rs./Quintal,28-12-2021
NCT of Delhi,Delhi,Shahdara APMC,Vegetables,Tomato,Tomato,FAQ,"1,700.00","2,200.00","1,900.00",Rs./Quintal,27-12-2021
NCT of Delhi,Delhi,Shahdara APMC,Vegetables,Tomato,Tomato,FAQ,"1,800.00","2,200.00","2,000.00",Rs./Quintal,26-12-2021
NCT of Delhi,Delhi,Shahdara APMC,Vegetables,Tomato,Tomato,FAQ,"1,800.00","2,200.00","2,000.00",Rs./Quintal,25-12-2021
NCT of Delhi,Delhi,Shahdara APMC,Vegetables,Tomato,Tomato,FAQ,"1,900.00","2,300.00","2,100.00",Rs./Quintal,24-12-2021
NCT of Delhi,Delhi,Shahdara APMC,Vegetables,Tomato,Tomato,FAQ,"1,700.00","2,200.00","2,000.00",Rs./Quintal,22-12-2021
NCT of Delhi,Delhi,Shahdara APMC,Vegetables,Tomato,Tomato,FAQ,"1,500.00","2,000.00","1,800.00",Rs./Quintal,21-12-2021
NCT of Delhi,Delhi,Shahdara APMC,Vegetables,Tomato,Tomato,FAQ,"1,700.00","2,400.00","2,200.00",Rs./Quintal,20-12-2021
NCT of Delhi,Delhi,Shahdara APMC,Vegetables,Tomato,Tomato,FAQ,"1,700.00","2,400.00","2,200.00",Rs./Quintal,19-12-2021
NCT of Delhi,Delhi,Shahdara APMC,Vegetables,Tomato,Tomato,FAQ,"1,800.00","2,400.00","2,000.00",Rs./Quintal,18-12-2021
NCT of Delhi,Delhi,Shahdara APMC,Vegetables,Tomato,Tomato,FAQ,"1,500.00","3,200.00","2,500.00",Rs./Quintal,17-12-2021
NCT of Delhi,Delhi,Shahdara APMC,Vegetables,Tomato,Tomato,FAQ,"1,600.00","3,200.00","2,800.00",Rs./Quintal,16-12-2021
NCT of Delhi,Delhi,Shahdara APMC,Vegetables,Tomato,Tomato,FAQ,"1,800.00","2,300.00","2,100.00",Rs./Quintal,15-12-2021
NCT of Delhi,Delhi,Shahdara APMC,Vegetables,Tomato,Tomato,FAQ,"1,800.00","2,400.00","2,200.00",Rs./Quintal,14-12-2021
NCT of Delhi,Delhi,Shahdara APMC,Vegetables,Tomato,Tomato,FAQ,"1,800.00","2,800.00","2,400.00",Rs./Quintal,13-12-2021
NCT of Delhi,Delhi,Shahdara APMC,Vegetables,Tomato,Tomato,FAQ,"1,800.00","2,400.00","2,000.00",Rs./Quintal,12-12-2021
NCT of Delhi,Delhi,Shahdara APMC,Vegetables,Tomato,Tomato,FAQ,"2,000.00","2,400.00","2,200.00",Rs./Quintal,11-12-2021
NCT of Delhi,Delhi,Shahdara APMC,Vegetables,Tomato,Tomato,FAQ,"1,800.00","2,400.00","2,200.00",Rs./Quintal,10-12-2021
NCT of Delhi,Delhi,Shahdara APMC,Vegetables,Tomato,Tomato,FAQ,"2,500.00","3,200.00","3,000.00",Rs./Quintal,08-12-2021
NCT of Delhi,Delhi,Shahdara APMC,Vegetables,Tomato,Tomato,FAQ,"2,500.00","3,200.00","3,000.00",Rs./Quintal,07-12-2021
NCT of Delhi,Delhi,Shahdara APMC,Vegetables,Tomato,Tomato,FAQ,"2,500.00","3,800.00","3,400.00",Rs./Quintal,06-12-2021
NCT of Delhi,Delhi,Shahdara APMC,Vegetables,Tomato,Tomato,FAQ,"2,000.00","3,800.00","2,800.00",Rs./Quintal,05-12-2021
NCT of Delhi,Delhi,Shahdara APMC,Vegetables,Tomato,Tomato,FAQ,"2,200.00","4,000.00","3,000.00",Rs./Quintal,04-12-2021
NCT of Delhi,Delhi,Shahdara APMC,Vegetables,Tomato,Tomato,FAQ,"2,000.00","3,800.00","3,300.00",Rs./Quintal,03-12-2021
NCT of Delhi,Delhi,Shahdara APMC,Vegetables,Tomato,Tomato,FAQ,"2,400.00","4,000.00","3,300.00",Rs./Quintal,02-12-2021
NCT of Delhi,Delhi,Shahdara APMC,Vegetables,Tomato,Tomato,FAQ,"2,400.00","4,000.00","3,500.00",Rs./Quintal,01-12-2021
NCT of Delhi,Delhi,Shahdara APMC,Vegetables,Tomato,Tomato,FAQ,"2,500.00","4,000.00","3,500.00",Rs./Quintal,30-11-2021
NCT of Delhi,Delhi,Shahdara APMC,Vegetables,Tomato,Tomato,FAQ,"2,800.00","3,800.00","3,300.00",Rs./Quintal,29-11-2021
NCT of Delhi,Delhi,Shahdara APMC,Vegetables,Tomato,Tomato,FAQ,"2,500.00","4,000.00","3,200.00",Rs./Quintal,28-11-2021
NCT of Delhi,Delhi,Shahdara APMC,Vegetables,Tomato,Tomato,FAQ,"2,200.00","4,200.00","3,800.00",Rs./Quintal,27-11-2021
NCT of Delhi,Delhi,Shahdara APMC,Vegetables,Tomato,Tomato,FAQ,"2,000.00","4,200.00","3,600.00",Rs./Quintal,26-11-2021
NCT of Delhi,Delhi,Shahdara APMC,Vegetables,Tomato,Tomato,FAQ,"1,700.00","3,100.00","2,400.00",Rs./Quintal,25-11-2021
NCT of Delhi,Delhi,Shahdara APMC,Vegetables,Tomato,Tomato,FAQ,"4,000.00","4,500.00","4,200.00",Rs./Quintal,24-11-2021
NCT of Delhi,Delhi,Shahdara APMC,Vegetables,Tomato,Tomato,FAQ,"4,000.00","5,000.00","4,500.00",Rs./Quintal,23-11-2021
NCT of Delhi,Delhi,Shahdara APMC,Vegetables,Tomato,Tomato,FAQ,"4,000.00","5,000.00","4,500.00",Rs./Quintal,22-11-2021
NCT of Delhi,Delhi,Shahdara APMC,Vegetables,Tomato,Tomato,FAQ,"4,000.00","4,500.00","4,200.00",Rs./Quintal,21-11-2021
NCT of Delhi,Delhi,Shahdara APMC,Vegetables,Tomato,Tomato,FAQ,"4,000.00","4,500.00","4,200.00",Rs./Quintal,20-11-2021
NCT of Delhi,Delhi,Shahdara APMC,Vegetables,Tomato,Tomato,FAQ,"4,000.00","4,500.00","4,400.00",Rs./Quintal,19-11-2021
NCT of Delhi,Delhi,Shahdara APMC,Vegetables,Tomato,Tomato,FAQ,"3,800.00","4,200.00","4,000.00",Rs./Quintal,18-11-2021
NCT of Delhi,Delhi,Shahdara APMC,Vegetables,Tomato,Tomato,FAQ,"3,500.00","4,200.00","3,800.00",Rs./Quintal,17-11-2021
NCT of Delhi,Delhi,Shahdara APMC,Vegetables,Tomato,Tomato,FAQ,"4,000.00","4,500.00","4,300.00",Rs./Quintal,16-11-2021
NCT of Delhi,Delhi,Shahdara APMC,Vegetables,Tomato,Tomato,FAQ,"4,000.00","4,800.00","4,200.00",Rs./Quintal,15-11-2021
NCT of Delhi,Delhi,Shahdara APMC,Vegetables,Tomato,Tomato,FAQ,"1,700.00","2,400.00","2,000.00",Rs./Quintal,14-11-2021
NCT of Delhi,Delhi,Shahdara APMC,Vegetables,Tomato,Tomato,FAQ,"2,800.00","4,000.00","3,500.00",Rs./Quintal,10-11-2021
NCT of Delhi,Delhi,Shahdara APMC,Vegetables,Tomato,Tomato,FAQ,"2,500.00","4,000.00","3,500.00",Rs./Quintal,09-11-2021
NCT of Delhi,Delhi,Shahdara APMC,Vegetables,Tomato,Tomato,FAQ,"2,800.00","4,000.00","3,400.00",Rs./Quintal,07-11-2021
NCT of Delhi,Delhi,Shahdara APMC,Vegetables,Tomato,Tomato,FAQ,"2,400.00","4,000.00","3,200.00",Rs./Quintal,06-11-2021
NCT of Delhi,Delhi,Shahdara APMC,Vegetables,Tomato,Tomato,FAQ,"2,800.00","4,000.00","3,400.00",Rs./Quintal,05-11-2021
NCT of Delhi,Delhi,Shahdara APMC,Vegetables,Tomato,Tomato,FAQ,"2,800.00","4,000.00","3,400.00",Rs./Quintal,01-11-2021
NCT of Delhi,Delhi,Shahdara APMC,Vegetables,Tomato,Tomato,FAQ,"2,500.00","3,500.00","3,000.00",Rs./Quintal,31-10-2021
NCT of Delhi,Delhi,Shahdara APMC,Vegetables,Tomato,Tomato,FAQ,"2,500.00","3,500.00","2,800.00",Rs./Quintal,30-10-2021
NCT of Delhi,Delhi,Shahdara APMC,Vegetables,Tomato,Tomato,FAQ,"2,500.00","3,500.00","2,800.00",Rs./Quintal,29-10-2021
NCT of Delhi,Delhi,Shahdara APMC,Vegetables,Tomato,Tomato,FAQ,"1,800.00","3,000.00","2,500.00",Rs./Quintal,25-10-2021
NCT of Delhi,Delhi,Shahdara APMC,Vegetables,Tomato,Tomato,FAQ,"2,200.00","3,500.00","2,800.00",Rs./Quintal,24-10-2021
NCT of Delhi,Delhi,Shahdara APMC,Vegetables,Tomato,Tomato,FAQ,"2,200.00","3,500.00","3,000.00",Rs./Quintal,23-10-2021
NCT of Delhi,Delhi,Shahdara APMC,Vegetables,Tomato,Tomato,FAQ,"1,600.00","2,900.00","2,200.00",Rs./Quintal,22-10-2021
NCT of Delhi,Delhi,Shahdara APMC,Vegetables,Tomato,Tomato,FAQ,"3,400.00","4,400.00","4,000.00",Rs./Quintal,21-10-2021
NCT of Delhi,Delhi,Shahdara APMC,Vegetables,Tomato,Tomato,FAQ,"3,500.00","4,800.00","4,400.00",Rs./Quintal,20-10-2021
NCT of Delhi,Delhi,Shahdara APMC,Vegetables,Tomato,Tomato,FAQ,"3,400.00","4,800.00","4,400.00",Rs./Quintal,19-10-2021
NCT of Delhi,Delhi,Shahdara APMC,Vegetables,Tomato,Tomato,FAQ,"3,600.00","5,000.00","4,500.00",Rs./Quintal,18-10-2021
NCT of Delhi,Delhi,Shahdara APMC,Vegetables,Tomato,Tomato,FAQ,"3,200.00","4,900.00","4,500.00",Rs./Quintal,15-10-2021
NCT of Delhi,Delhi,Shahdara APMC,Vegetables,Tomato,Tomato,FAQ,"3,200.00","4,600.00","4,000.00",Rs./Quintal,14-10-2021
NCT of Delhi,Delhi,Shahdara APMC,Vegetables,Tomato,Tomato,FAQ,"3,000.00","4,100.00","3,600.00",Rs./Quintal,13-10-2021
NCT of Delhi,Delhi,Shahdara APMC,Vegetables,Tomato,Tomato,FAQ,"3,000.00","4,000.00","3,600.00",Rs./Quintal,12-10-2021
NCT of Delhi,Delhi,Shahdara APMC,Vegetables,Tomato,Tomato,FAQ,"3,000.00","4,000.00","3,500.00",Rs./Quintal,11-10-2021
NCT of Delhi,Delhi,Shahdara APMC,Vegetables,Tomato,Tomato,FAQ,"3,000.00","4,000.00","3,600.00",Rs./Quintal,10-10-2021
NCT of Delhi,Delhi,Shahdara APMC,Vegetables,Tomato,Tomato,FAQ,"3,000.00","3,800.00","3,600.00",Rs./Quintal,09-10-2021
NCT of Delhi,Delhi,Shahdara APMC,Vegetables,Tomato,Tomato,FAQ,"3,000.00","4,000.00","3,700.00",Rs./Quintal,08-10-2021
NCT of Delhi,Delhi,Shahdara APMC,Vegetables,Tomato,Tomato,FAQ,"3,000.00","4,000.00","3,400.00",Rs./Quintal,07-10-2021
NCT of Delhi,Delhi,Shahdara APMC,Vegetables,Tomato,Tomato,FAQ,"3,000.00","4,000.00","3,400.00",Rs./Quintal,06-10-2021
NCT of Delhi,Delhi,Shahdara APMC,Vegetables,Tomato,Tomato,FAQ,"2,500.00","3,400.00","2,900.00",Rs./Quintal,05-10-2021
NCT of Delhi,Delhi,Shahdara APMC,Vegetables,Tomato,Tomato,FAQ,"2,200.00","3,300.00","2,600.00",Rs./Quintal,04-10-2021
NCT of Delhi,Delhi,Shahdara APMC,Vegetables,Tomato,Tomato,FAQ,"2,000.00","3,000.00","2,500.00",Rs./Quintal,03-10-2021
NCT of Delhi,Delhi,Shahdara APMC,Vegetables,Tomato,Tomato,FAQ,"2,000.00","3,200.00","2,600.00",Rs./Quintal,02-10-2021
NCT of Delhi,Delhi,Shahdara APMC,Vegetables,Tomato,Tomato,FAQ,"2,200.00","2,900.00","2,700.00",Rs./Quintal,29-09-2021
NCT of Delhi,Delhi,Shahdara APMC,Vegetables,Tomato,Tomato,FAQ,"1,800.00","3,200.00","2,400.00",Rs./Quintal,27-09-2021
NCT of Delhi,Delhi,Shahdara APMC,Vegetables,Tomato,Tomato,FAQ,"1,800.00","3,200.00","2,500.00",Rs./Quintal,26-09-2021
NCT of Delhi,Delhi,Shahdara APMC,Vegetables,Tomato,Tomato,FAQ,"1,800.00","3,200.00","2,500.00",Rs./Quintal,25-09-2021
NCT of Delhi,Delhi,Shahdara APMC,Vegetables,Tomato,Tomato,FAQ,"1,700.00","3,200.00","2,500.00",Rs./Quintal,24-09-2021
NCT of Delhi,Delhi,Shahdara APMC,Vegetables,Tomato,Tomato,FAQ,"1,300.00","2,900.00","2,000.00",Rs./Quintal,23-09-2021
NCT of Delhi,Delhi,Shahdara APMC,Vegetables,Tomato,Tomato,FAQ,"1,300.00","2,200.00","1,700.00",Rs./Quintal,22-09-2021
NCT of Delhi,Delhi,Shahdara APMC,Vegetables,Tomato,Tomato,FAQ,"1,300.00","1,700.00","1,500.00",Rs./Quintal,20-09-2021
NCT of Delhi,Delhi,Shahdara APMC,Vegetables,Tomato,Tomato,FAQ,"1,200.00","2,200.00","1,500.00",Rs./Quintal,19-09-2021
NCT of Delhi,Delhi,Shahdara APMC,Vegetables,Tomato,Tomato,FAQ,"1,200.00","2,000.00","1,600.00",Rs./Quintal,18-09-2021
NCT of Delhi,Delhi,Shahdara APMC,Vegetables,Tomato,Tomato,FAQ,"1,200.00","1,800.00","1,400.00",Rs./Quintal,17-09-2021
NCT of Delhi,Delhi,Shahdara APMC,Vegetables,Tomato,Tomato,FAQ,"1,200.00","2,000.00","1,600.00",Rs./Quintal,16-09-2021
NCT of Delhi,Delhi,Shahdara APMC,Vegetables,Tomato,Tomato,FAQ,"1,200.00","1,900.00","1,400.00",Rs./Quintal,15-09-2021
NCT of Delhi,Delhi,Shahdara APMC,Vegetables,Tomato,Tomato,FAQ,"1,000.00","1,900.00","1,600.00",Rs./Quintal,14-09-2021
NCT of Delhi,Delhi,Shahdara APMC,Vegetables,Tomato,Tomato,FAQ,"1,000.00","2,000.00","1,600.00",Rs./Quintal,13-09-2021
NCT of Delhi,Delhi,Shahdara APMC,Vegetables,Tomato,Tomato,FAQ,800.00,"2,000.00","1,400.00",Rs./Quintal,12-09-2021
NCT of Delhi,Delhi,Shahdara APMC,Vegetables,Tomato,Tomato,FAQ,"1,000.00","2,000.00","1,600.00",Rs./Quintal,11-09-2021
NCT of Delhi,Delhi,Shahdara APMC,Vegetables,Tomato,Tomato,FAQ,"1,000.00","1,600.00","1,200.00",Rs./Quintal,09-09-2021
NCT of Delhi,Delhi,Shahdara APMC,Vegetables,Tomato,Tomato,FAQ,"1,000.00","2,000.00","1,600.00",Rs./Quintal,08-09-2021
NCT of Delhi,Delhi,Shahdara APMC,Vegetables,Tomato,Tomato,FAQ,800.00,"2,000.00","1,400.00",Rs./Quintal,07-09-2021
NCT of Delhi,Delhi,Shahdara APMC,Vegetables,Tomato,Tomato,FAQ,800.00,"2,000.00","1,500.00",Rs./Quintal,06-09-2021
NCT of Delhi,Delhi,Shahdara APMC,Vegetables,Tomato,Tomato,FAQ,"1,500.00","2,000.00","1,800.00",Rs./Quintal,05-09-2021
NCT of Delhi,Delhi,Shahdara APMC,Vegetables,Tomato,Tomato,FAQ,"1,400.00","2,000.00","1,800.00",Rs./Quintal,04-09-2021
NCT of Delhi,Delhi,Shahdara APMC,Vegetables,Tomato,Tomato,FAQ,"1,400.00","2,000.00","1,800.00",Rs./Quintal,03-09-2021
NCT of Delhi,Delhi,Shahdara APMC,Vegetables,Tomato,Tomato,FAQ,"1,400.00","2,000.00","1,800.00",Rs./Quintal,02-09-2021
NCT of Delhi,Delhi,Shahdara APMC,Vegetables,Tomato,Tomato,FAQ,"1,500.00","2,000.00","1,800.00",Rs./Quintal,01-09-2021
NCT of Delhi,Delhi,Shahdara APMC,Vegetables,Tomato,Tomato,FAQ,"1,500.00","2,000.00","1,800.00",Rs./Quintal,31-08-2021
NCT of Delhi,Delhi,Shahdara APMC,Vegetables,Tomato,Tomato,FAQ,800.00,"2,000.00","1,400.00",Rs./Quintal,27-08-2021
NCT of Delhi,Delhi,Shahdara APMC,Vegetables,Tomato,Tomato,FAQ,"1,000.00","2,200.00","1,500.00",Rs./Quintal,26-08-2021
NCT of Delhi,Delhi,Shahdara APMC,Vegetables,Tomato,Tomato,FAQ,"1,200.00","2,200.00","1,500.00",Rs./Quintal,25-08-2021
NCT of Delhi,Delhi,Shahdara APMC,Vegetables,Tomato,Tomato,FAQ,"1,500.00","2,200.00","1,800.00",Rs./Quintal,24-08-2021
NCT of Delhi,Delhi,Shahdara APMC,Vegetables,Tomato,Tomato,FAQ,900.00,"1,200.00","1,000.00",Rs./Quintal,23-08-2021
NCT of Delhi,Delhi,Shahdara APMC,Vegetables,Tomato,Tomato,FAQ,900.00,"1,400.00","1,200.00",Rs./Quintal,22-08-2021
NCT of Delhi,Delhi,Shahdara APMC,Vegetables,Tomato,Tomato,FAQ,900.00,"1,400.00","1,100.00",Rs./Quintal,21-08-2021
NCT of Delhi,Delhi,Shahdara APMC,Vegetables,Tomato,Tomato,FAQ,900.00,"1,200.00","1,100.00",Rs./Quintal,17-08-2021
NCT of Delhi,Delhi,Shahdara APMC,Vegetables,Tomato,Tomato,FAQ,900.00,"1,400.00","1,200.00",Rs./Quintal,16-08-2021
NCT of Delhi,Delhi,Shahdara APMC,Vegetables,Tomato,Tomato,FAQ,"1,200.00","2,200.00","1,800.00",Rs./Quintal,15-08-2021
NCT of Delhi,Delhi,Shahdara APMC,Vegetables,Tomato,Tomato,FAQ,"1,000.00","2,000.00","1,400.00",Rs./Quintal,14-08-2021
NCT of Delhi,Delhi,Shahdara APMC,Vegetables,Tomato,Tomato,FAQ,"1,600.00","2,800.00","2,400.00",Rs./Quintal,11-08-2021
NCT of Delhi,Delhi,Shahdara APMC,Vegetables,Tomato,Tomato,FAQ,"1,500.00","2,200.00","1,900.00",Rs./Quintal,10-08-2021
NCT of Delhi,Delhi,Shahdara APMC,Vegetables,Tomato,Tomato,FAQ,"1,500.00","2,200.00","1,800.00",Rs./Quintal,09-08-2021
NCT of Delhi,Delhi,Shahdara APMC,Vegetables,Tomato,Tomato,FAQ,"1,500.00","2,000.00","1,800.00",Rs./Quintal,08-08-2021
NCT of Delhi,Delhi,Shahdara APMC,Vegetables,Tomato,Tomato,FAQ,"1,200.00","1,800.00","1,500.00",Rs./Quintal,06-08-2021
NCT of Delhi,Delhi,Shahdara APMC,Vegetables,Tomato,Tomato,FAQ,"1,200.00","2,200.00","1,700.00",Rs./Quintal,05-08-2021
NCT of Delhi,Delhi,Shahdara APMC,Vegetables,Tomato,Tomato,FAQ,"1,400.00","2,000.00","1,700.00",Rs./Quintal,03-08-2021
NCT of Delhi,Delhi,Shahdara APMC,Vegetables,Tomato,Tomato,FAQ,"1,400.00","2,200.00","1,900.00",Rs./Quintal,02-08-2021
NCT of Delhi,Delhi,Shahdara APMC,Vegetables,Tomato,Tomato,FAQ,"1,700.00","2,300.00","2,000.00",Rs./Quintal,01-08-2021
NCT of Delhi,Delhi,Shahdara APMC,Vegetables,Tomato,Tomato,FAQ,"1,600.00","2,400.00","2,000.00",Rs./Quintal,31-07-2021
NCT of Delhi,Delhi,Shahdara APMC,Vegetables,Tomato,Tomato,FAQ,"1,400.00","2,200.00","1,900.00",Rs./Quintal,30-07-2021
NCT of Delhi,Delhi,Shahdara APMC,Vegetables,Tomato,Tomato,FAQ,"1,600.00","2,800.00","2,200.00",Rs./Quintal,29-07-2021
NCT of Delhi,Delhi,Shahdara APMC,Vegetables,Tomato,Tomato,FAQ,"2,000.00","3,200.00","2,800.00",Rs./Quintal,28-07-2021
NCT of Delhi,Delhi,Shahdara APMC,Vegetables,Tomato,Tomato,FAQ,"2,200.00","3,200.00","2,800.00",Rs./Quintal,27-07-2021
NCT of Delhi,Delhi,Shahdara APMC,Vegetables,Tomato,Tomato,FAQ,"2,800.00","4,000.00","3,200.00",Rs./Quintal,26-07-2021
NCT of Delhi,Delhi,Shahdara APMC,Vegetables,Tomato,Tomato,FAQ,"2,400.00","3,200.00","2,800.00",Rs./Quintal,25-07-2021
NCT of Delhi,Delhi,Shahdara APMC,Vegetables,Tomato,Tomato,FAQ,"2,000.00","3,200.00","2,400.00",Rs./Quintal,24-07-2021
NCT of Delhi,Delhi,Shahdara APMC,Vegetables,Tomato,Tomato,FAQ,"2,000.00","3,400.00","3,000.00",Rs./Quintal,22-07-2021
NCT of Delhi,Delhi,Shahdara APMC,Vegetables,Tomato,Tomato,FAQ,"1,600.00","2,400.00","2,000.00",Rs./Quintal,21-07-2021
NCT of Delhi,Delhi,Shahdara APMC,Vegetables,Tomato,Tomato,FAQ,"1,700.00","2,600.00","2,100.00",Rs./Quintal,20-07-2021
NCT of Delhi,Delhi,Shahdara APMC,Vegetables,Tomato,Tomato,FAQ,800.00,"1,400.00","1,200.00",Rs./Quintal,14-07-2021
NCT of Delhi,Delhi,Shahdara APMC,Vegetables,Tomato,Tomato,FAQ,"1,500.00","2,000.00","1,700.00",Rs./Quintal,12-07-2021
NCT of Delhi,Delhi,Shahdara APMC,Vegetables,Tomato,Tomato,FAQ,"1,000.00","1,500.00","1,200.00",Rs./Quintal,11-07-2021
NCT of Delhi,Delhi,Shahdara APMC,Vegetables,Tomato,Tomato,FAQ,700.00,"1,300.00","1,000.00",Rs./Quintal,10-07-2021
NCT of Delhi,Delhi,Shahdara APMC,Vegetables,Tomato,Hybrid,FAQ,"1,800.00","2,200.00","2,000.00",Rs./Quintal,09-07-2021
NCT of Delhi,Delhi,Shahdara APMC,Vegetables,Tomato,Tomato,FAQ,"1,600.00","2,200.00","1,800.00",Rs./Quintal,09-07-2021
NCT of Delhi,Delhi,Shahdara APMC,Vegetables,Tomato,Hybrid,FAQ,"1,800.00","2,200.00","2,000.00",Rs./Quintal,08-07-2021
NCT of Delhi,Delhi,Shahdara APMC,Vegetables,Tomato,Tomato,FAQ,"1,600.00","2,800.00","2,400.00",Rs./Quintal,07-07-2021
NCT of Delhi,Delhi,Shahdara APMC,Vegetables,Tomato,Tomato,FAQ,"1,600.00","2,800.00","2,400.00",Rs./Quintal,06-07-2021
NCT of Delhi,Delhi,Shahdara APMC,Vegetables,Tomato,Tomato,FAQ,"1,400.00","2,400.00","1,800.00",Rs./Quintal,04-07-2021
NCT of Delhi,Delhi,Shahdara APMC,Vegetables,Tomato,Tomato,FAQ,"1,200.00","2,200.00","1,500.00",Rs./Quintal,03-07-2021
NCT of Delhi,Delhi,Shahdara APMC,Vegetables,Tomato,Tomato,FAQ,"1,300.00","1,900.00","1,600.00",Rs./Quintal,02-07-2021
NCT of Delhi,Delhi,Shahdara APMC,Vegetables,Tomato,Tomato,FAQ,"1,300.00","1,900.00","1,600.00",Rs./Quintal,01-07-2021
NCT of Delhi,Delhi,Shahdara APMC,Vegetables,Tomato,Tomato,FAQ,800.00,"1,200.00","1,000.00",Rs./Quintal,29-06-2021
NCT of Delhi,Delhi,Shahdara APMC,Vegetables,Tomato,Tomato,FAQ,800.00,"1,200.00","1,000.00",Rs./Quintal,28-06-2021
NCT of Delhi,Delhi,Shahdara APMC,Vegetables,Tomato,Tomato,FAQ,"1,000.00","1,500.00","1,200.00",Rs./Quintal,27-06-2021
NCT of Delhi,Delhi,Shahdara APMC,Vegetables,Tomato,Tomato,FAQ,"1,000.00","1,800.00","1,500.00",Rs./Quintal,26-06-2021
NCT of Delhi,Delhi,Shahdara APMC,Vegetables,Tomato,Tomato,FAQ,"1,100.00","1,800.00","1,300.00",Rs./Quintal,25-06-2021
NCT of Delhi,Delhi,Shahdara APMC,Vegetables,Tomato,Tomato,FAQ,"1,000.00","1,400.00","1,200.00",Rs./Quintal,24-06-2021
NCT of Delhi,Delhi,Shahdara APMC,Vegetables,Tomato,Tomato,FAQ,"1,000.00","1,400.00","1,200.00",Rs./Quintal,23-06-2021
NCT of Delhi,Delhi,Shahdara APMC,Vegetables,Tomato,Tomato,FAQ,"1,000.00","1,600.00","1,200.00",Rs./Quintal,22-06-2021
NCT of Delhi,Delhi,Shahdara APMC,Vegetables,Tomato,Tomato,FAQ,"1,000.00","1,600.00","1,300.00",Rs./Quintal,20-06-2021
NCT of Delhi,Delhi,Shahdara APMC,Vegetables,Tomato,Tomato,FAQ,800.00,"1,200.00","1,000.00",Rs./Quintal,18-06-2021
NCT of Delhi,Delhi,Shahdara APMC,Vegetables,Tomato,Tomato,FAQ,800.00,"1,400.00","1,000.00",Rs./Quintal,17-06-2021
NCT of Delhi,Delhi,Shahdara APMC,Vegetables,Tomato,Tomato,FAQ,800.00,"1,400.00","1,200.00",Rs./Quintal,16-06-2021
NCT of Delhi,Delhi,Shahdara APMC,Vegetables,Tomato,Tomato,FAQ,800.00,"1,000.00",900.00,Rs./Quintal,15-06-2021
NCT of Delhi,Delhi,Shahdara APMC,Vegetables,Tomato,Tomato,FAQ,300.00,500.00,400.00,Rs./Quintal,14-06-2021
NCT of Delhi,Delhi,Shahdara APMC,Vegetables,Tomato,Tomato,FAQ,400.00,800.00,600.00,Rs./Quintal,13-06-2021
NCT of Delhi,Delhi,Shahdara APMC,Vegetables,Tomato,Tomato,FAQ,400.00,800.00,600.00,Rs./Quintal,12-06-2021
NCT of Delhi,Delhi,Shahdara APMC,Vegetables,Tomato,Tomato,FAQ,400.00,800.00,600.00,Rs./Quintal,10-06-2021
NCT of Delhi,Delhi,Shahdara APMC,Vegetables,Tomato,Tomato,FAQ,600.00,"1,000.00",800.00,Rs./Quintal,08-06-2021
NCT of Delhi,Delhi,Shahdara APMC,Vegetables,Tomato,Tomato,FAQ,600.00,"1,000.00",800.00,Rs./Quintal,07-06-2021
NCT of Delhi,Delhi,Shahdara APMC,Vegetables,Tomato,Tomato,FAQ,300.00,600.00,400.00,Rs./Quintal,06-06-2021
NCT of Delhi,Delhi,Shahdara APMC,Vegetables,Tomato,Tomato,FAQ,300.00,600.00,400.00,Rs./Quintal,05-06-2021
NCT of Delhi,Delhi,Shahdara APMC,Vegetables,Tomato,Tomato,FAQ,300.00,600.00,400.00,Rs./Quintal,04-06-2021
NCT of Delhi,Delhi,Shahdara APMC,Vegetables,Tomato,Tomato,FAQ,400.00,800.00,600.00,Rs./Quintal,03-06-2021
NCT of Delhi,Delhi,Shahdara APMC,Vegetables,Tomato,Tomato,FAQ,200.00,600.00,400.00,Rs./Quintal,02-06-2021
NCT of Delhi,Delhi,Shahdara APMC,Vegetables,Tomato,Tomato,FAQ,300.00,700.00,500.00,Rs./Quintal,01-06-2021
NCT of Delhi,Delhi,Shahdara APMC,Vegetables,Tomato,Tomato,FAQ,300.00,700.00,500.00,Rs./Quintal,31-05-2021
NCT of Delhi,Delhi,Shahdara APMC,Vegetables,Tomato,Tomato,FAQ,300.00,500.00,400.00,Rs./Quintal,30-05-2021
NCT of Delhi,Delhi,Shahdara APMC,Vegetables,Tomato,Tomato,FAQ,200.00,600.00,400.00,Rs./Quintal,28-05-2021
NCT of Delhi,Delhi,Shahdara APMC,Vegetables,Tomato,Tomato,FAQ,200.00,600.00,400.00,Rs./Quintal,27-05-2021
NCT of Delhi,Delhi,Shahdara APMC,Vegetables,Tomato,Tomato,FAQ,200.00,500.00,300.00,Rs./Quintal,26-05-2021
NCT of Delhi,Delhi,Shahdara APMC,Vegetables,Tomato,Tomato,FAQ,300.00,500.00,400.00,Rs./Quintal,24-05-2021
NCT of Delhi,Delhi,Shahdara APMC,Vegetables,Tomato,Tomato,FAQ,200.00,700.00,500.00,Rs./Quintal,23-05-2021
NCT of Delhi,Delhi,Shahdara APMC,Vegetables,Tomato,Tomato,FAQ,200.00,400.00,300.00,Rs./Quintal,22-05-2021
NCT of Delhi,Delhi,Shahdara APMC,Vegetables,Tomato,Tomato,FAQ,100.00,500.00,300.00,Rs./Quintal,21-05-2021
NCT of Delhi,Delhi,Shahdara APMC,Vegetables,Tomato,Tomato,FAQ,300.00,600.00,400.00,Rs./Quintal,20-05-2021
NCT of Delhi,Delhi,Shahdara APMC,Vegetables,Tomato,Tomato,FAQ,300.00,500.00,400.00,Rs./Quintal,19-05-2021
NCT of Delhi,Delhi,Shahdara APMC,Vegetables,Tomato,Tomato,FAQ,300.00,600.00,500.00,Rs./Quintal,18-05-2021
NCT of Delhi,Delhi,Shahdara APMC,Vegetables,Tomato,Tomato,FAQ,200.00,600.00,400.00,Rs./Quintal,17-05-2021
NCT of Delhi,Delhi,Shahdara APMC,Vegetables,Tomato,Tomato,FAQ,200.00,600.00,400.00,Rs./Quintal,16-05-2021
NCT of Delhi,Delhi,Shahdara APMC,Vegetables,Tomato,Tomato,FAQ,200.00,600.00,400.00,Rs./Quintal,14-05-2021
NCT of Delhi,Delhi,Shahdara APMC,Vegetables,Tomato,Tomato,FAQ,200.00,600.00,400.00,Rs./Quintal,13-05-2021
NCT of Delhi,Delhi,Shahdara APMC,Vegetables,Tomato,Tomato,FAQ,200.00,600.00,400.00,Rs./Quintal,12-05-2021
NCT of Delhi,Delhi,Shahdara APMC,Vegetables,Tomato,Tomato,FAQ,200.00,700.00,500.00,Rs./Quintal,11-05-2021
NCT of Delhi,Delhi,Shahdara APMC,Vegetables,Tomato,Tomato,FAQ,200.00,700.00,500.00,Rs./Quintal,10-05-2021
NCT of Delhi,Delhi,Shahdara APMC,Vegetables,Tomato,Tomato,FAQ,300.00,700.00,500.00,Rs./Quintal,09-05-2021
NCT of Delhi,Delhi,Shahdara APMC,Vegetables,Tomato,Tomato,FAQ,200.00,700.00,500.00,Rs./Quintal,08-05-2021
NCT of Delhi,Delhi,Shahdara APMC,Vegetables,Tomato,Tomato,FAQ,200.00,700.00,500.00,Rs./Quintal,07-05-2021
NCT of Delhi,Delhi,Shahdara APMC,Vegetables,Tomato,Tomato,FAQ,300.00,800.00,500.00,Rs./Quintal,06-05-2021
NCT of Delhi,Delhi,Shahdara APMC,Vegetables,Tomato,Tomato,FAQ,300.00,800.00,500.00,Rs./Quintal,05-05-2021
NCT of Delhi,Delhi,Shahdara APMC,Vegetables,Tomato,Tomato,FAQ,200.00,700.00,500.00,Rs./Quintal,04-05-2021
NCT of Delhi,Delhi,Shahdara APMC,Vegetables,Tomato,Tomato,FAQ,200.00,800.00,600.00,Rs./Quintal,03-05-2021
NCT of Delhi,Delhi,Shahdara APMC,Vegetables,Tomato,Tomato,FAQ,300.00,700.00,500.00,Rs./Quintal,02-05-2021
NCT of Delhi,Delhi,Shahdara APMC,Vegetables,Tomato,Tomato,FAQ,300.00,700.00,500.00,Rs./Quintal,01-05-2021
NCT of Delhi,Delhi,Shahdara APMC,Vegetables,Tomato,Tomato,FAQ,409.00,800.00,600.00,Rs./Quintal,30-04-2021
NCT of Delhi,Delhi,Shahdara APMC,Vegetables,Tomato,Tomato,FAQ,300.00,800.00,600.00,Rs./Quintal,29-04-2021
NCT of Delhi,Delhi,Shahdara APMC,Vegetables,Tomato,Tomato,FAQ,300.00,800.00,600.00,Rs./Quintal,28-04-2021
NCT of Delhi,Delhi,Shahdara APMC,Vegetables,Tomato,Tomato,FAQ,300.00,800.00,600.00,Rs./Quintal,27-04-2021
NCT of Delhi,Delhi,Shahdara APMC,Vegetables,Tomato,Tomato,FAQ,300.00,800.00,500.00,Rs./Quintal,26-04-2021
NCT of Delhi,Delhi,Shahdara APMC,Vegetables,Tomato,Tomato,FAQ,400.00,"1,000.00",800.00,Rs./Quintal,25-04-2021
NCT of Delhi,Delhi,Shahdara APMC,Vegetables,Tomato,Tomato,FAQ,800.00,"1,300.00","1,100.00",Rs./Quintal,22-04-2021
NCT of Delhi,Delhi,Shahdara APMC,Vegetables,Tomato,Tomato,FAQ,800.00,"1,300.00","1,100.00",Rs./Quintal,21-04-2021
NCT of Delhi,Delhi,Shahdara APMC,Vegetables,Tomato,Tomato,FAQ,600.00,"1,200.00","1,000.00",Rs./Quintal,20-04-2021
NCT of Delhi,Delhi,Shahdara APMC,Vegetables,Tomato,Tomato,FAQ,800.00,"1,600.00","1,200.00",Rs./Quintal,19-04-2021
NCT of Delhi,Delhi,Shahdara APMC,Vegetables,Tomato,Tomato,FAQ,800.00,"1,600.00","1,200.00",Rs./Quintal,18-04-2021
NCT of Delhi,Delhi,Shahdara APMC,Vegetables,Tomato,Tomato,FAQ,800.00,"1,400.00","1,000.00",Rs./Quintal,17-04-2021
NCT of Delhi,Delhi,Shahdara APMC,Vegetables,Tomato,Tomato,FAQ,800.00,"1,400.00","1,000.00",Rs./Quintal,16-04-2021
NCT of Delhi,Delhi,Shahdara APMC,Vegetables,Tomato,Tomato,FAQ,"1,000.00","1,800.00","1,500.00",Rs./Quintal,14-04-2021
NCT of Delhi,Delhi,Shahdara APMC,Vegetables,Tomato,Tomato,FAQ,"1,000.00","1,800.00","1,600.00",Rs./Quintal,13-04-2021
NCT of Delhi,Delhi,Shahdara APMC,Vegetables,Tomato,Tomato,FAQ,"1,000.00","1,500.00","1,200.00",Rs./Quintal,12-04-2021
NCT of Delhi,Delhi,Shahdara APMC,Vegetables,Tomato,Tomato,FAQ,"1,000.00","1,600.00","1,300.00",Rs./Quintal,11-04-2021
NCT of Delhi,Delhi,Shahdara APMC,Vegetables,Tomato,Tomato,FAQ,"1,000.00","1,600.00","1,300.00",Rs./Quintal,10-04-2021
NCT of Delhi,Delhi,Shahdara APMC,Vegetables,Tomato,Tomato,FAQ,"1,000.00","1,700.00","1,300.00",Rs./Quintal,08-04-2021
NCT of Delhi,Delhi,Shahdara APMC,Vegetables,Tomato,Tomato,FAQ,800.00,"1,400.00","1,200.00",Rs./Quintal,07-04-2021
NCT of Delhi,Delhi,Shahdara APMC,Vegetables,Tomato,Tomato,FAQ,800.00,"1,800.00","1,500.00",Rs./Quintal,05-04-2021
NCT of Delhi,Delhi,Shahdara APMC,Vegetables,Tomato,Tomato,FAQ,"1,000.00","1,800.00","1,300.00",Rs./Quintal,04-04-2021
NCT of Delhi,Delhi,Shahdara APMC,Vegetables,Tomato,Tomato,FAQ,"1,000.00","1,800.00","1,500.00",Rs./Quintal,03-04-2021
NCT of Delhi,Delhi,Shahdara APMC,Vegetables,Tomato,Tomato,FAQ,"1,000.00","1,600.00","1,400.00",Rs./Quintal,31-03-2021
NCT of Delhi,Delhi,Shahdara APMC,Vegetables,Tomato,Tomato,FAQ,800.00,"1,400.00","1,200.00",Rs./Quintal,29-03-2021
NCT of Delhi,Delhi,Shahdara APMC,Vegetables,Tomato,Tomato,FAQ,800.00,"1,200.00","1,000.00",Rs./Quintal,26-03-2021
NCT of Delhi,Delhi,Shahdara APMC,Vegetables,Tomato,Tomato,FAQ,600.00,"1,200.00","1,000.00",Rs./Quintal,25-03-2021
NCT of Delhi,Delhi,Shahdara APMC,Vegetables,Tomato,Tomato,FAQ,600.00,"1,200.00","1,000.00",Rs./Quintal,24-03-2021
NCT of Delhi,Delhi,Shahdara APMC,Vegetables,Tomato,Tomato,FAQ,800.00,"1,300.00","1,000.00",Rs./Quintal,23-03-2021
NCT of Delhi,Delhi,Shahdara APMC,Vegetables,Tomato,Tomato,FAQ,"1,000.00","1,400.00","1,200.00",Rs./Quintal,22-03-2021
NCT of Delhi,Delhi,Shahdara APMC,Vegetables,Tomato,Tomato,FAQ,800.00,"1,300.00","1,000.00",Rs./Quintal,21-03-2021
NCT of Delhi,Delhi,Shahdara APMC,Vegetables,Tomato,Tomato,FAQ,800.00,"1,300.00","1,000.00",Rs./Quintal,20-03-2021
NCT of Delhi,Delhi,Shahdara APMC,Vegetables,Tomato,Tomato,FAQ,600.00,"1,200.00",800.00,Rs./Quintal,19-03-2021
NCT of Delhi,Delhi,Shahdara APMC,Vegetables,Tomato,Tomato,FAQ,600.00,"1,200.00","1,000.00",Rs./Quintal,18-03-2021
NCT of Delhi,Delhi,Shahdara APMC,Vegetables,Tomato,Tomato,FAQ,600.00,"1,300.00","1,000.00",Rs./Quintal,17-03-2021
NCT of Delhi,Delhi,Shahdara APMC,Vegetables,Tomato,Tomato,FAQ,600.00,"1,300.00",900.00,Rs./Quintal,16-03-2021
NCT of Delhi,Delhi,Shahdara APMC,Vegetables,Tomato,Tomato,FAQ,800.00,"1,300.00","1,100.00",Rs./Quintal,15-03-2021
NCT of Delhi,Delhi,Shahdara APMC,Vegetables,Tomato,Tomato,FAQ,600.00,"1,000.00",800.00,Rs./Quintal,14-03-2021
NCT of Delhi,Delhi,Shahdara APMC,Vegetables,Tomato,Tomato,FAQ,600.00,"1,000.00",800.00,Rs./Quintal,13-03-2021
NCT of Delhi,Delhi,Shahdara APMC,Vegetables,Tomato,Tomato,FAQ,600.00,"1,000.00",800.00,Rs./Quintal,11-03-2021
NCT of Delhi,Delhi,Shahdara APMC,Vegetables,Tomato,Tomato,FAQ,500.00,"1,000.00",800.00,Rs./Quintal,10-03-2021
NCT of Delhi,Delhi,Shahdara APMC,Vegetables,Tomato,Tomato,FAQ,600.00,"1,000.00",800.00,Rs./Quintal,09-03-2021
NCT of Delhi,Delhi,Shahdara APMC,Vegetables,Tomato,Tomato,FAQ,600.00,"1,200.00",900.00,Rs./Quintal,08-03-2021
NCT of Delhi,Delhi,Shahdara APMC,Vegetables,Tomato,Tomato,FAQ,600.00,"1,000.00",800.00,Rs./Quintal,07-03-2021
NCT of Delhi,Delhi,Shahdara APMC,Vegetables,Tomato,Tomato,FAQ,500.00,"1,000.00",800.00,Rs./Quintal,06-03-2021
NCT of Delhi,Delhi,Shahdara APMC,Vegetables,Tomato,Tomato,FAQ,600.00,"1,200.00",900.00,Rs./Quintal,05-03-2021
NCT of Delhi,Delhi,Shahdara APMC,Vegetables,Tomato,Tomato,FAQ,700.00,"1,200.00",900.00,Rs./Quintal,04-03-2021
NCT of Delhi,Delhi,Shahdara APMC,Vegetables,Tomato,Tomato,FAQ,600.00,"1,200.00",900.00,Rs./Quintal,03-03-2021
NCT of Delhi,Delhi,Shahdara APMC,Vegetables,Tomato,Tomato,FAQ,500.00,"1,000.00",700.00,Rs./Quintal,02-03-2021
NCT of Delhi,Delhi,Shahdara APMC,Vegetables,Tomato,Tomato,FAQ,500.00,"1,000.00",800.00,Rs./Quintal,01-03-2021
NCT of Delhi,Delhi,Shahdara APMC,Vegetables,Tomato,Tomato,FAQ,500.00,"1,000.00",700.00,Rs./Quintal,28-02-2021
NCT of Delhi,Delhi,Shahdara APMC,Vegetables,Tomato,Tomato,FAQ,500.00,"1,000.00",700.00,Rs./Quintal,27-02-2021
NCT of Delhi,Delhi,Shahdara APMC,Vegetables,Tomato,Tomato,FAQ,400.00,900.00,700.00,Rs./Quintal,26-02-2021
NCT of Delhi,Delhi,Shahdara APMC,Vegetables,Tomato,Tomato,FAQ,400.00,800.00,600.00,Rs./Quintal,25-02-2021
NCT of Delhi,Delhi,Shahdara APMC,Vegetables,Tomato,Tomato,FAQ,800.00,"1,400.00","1,000.00",Rs./Quintal,24-02-2021
NCT of Delhi,Delhi,Shahdara APMC,Vegetables,Tomato,Tomato,FAQ,700.00,"1,400.00","1,000.00",Rs./Quintal,23-02-2021
NCT of Delhi,Delhi,Shahdara APMC,Vegetables,Tomato,Tomato,FAQ,700.00,"1,400.00","1,200.00",Rs./Quintal,22-02-2021
NCT of Delhi,Delhi,Shahdara APMC,Vegetables,Tomato,Tomato,FAQ,700.00,"1,400.00","1,000.00",Rs./Quintal,21-02-2021
NCT of Delhi,Delhi,Shahdara APMC,Vegetables,Tomato,Tomato,FAQ,700.00,"1,400.00","1,100.00",Rs./Quintal,20-02-2021
NCT of Delhi,Delhi,Shahdara APMC,Vegetables,Tomato,Tomato,FAQ,"1,000.00","1,500.00","1,200.00",Rs./Quintal,19-02-2021
NCT of Delhi,Delhi,Shahdara APMC,Vegetables,Tomato,Tomato,FAQ,800.00,"1,500.00","1,200.00",Rs./Quintal,18-02-2021
NCT of Delhi,Delhi,Shahdara APMC,Vegetables,Tomato,Tomato,FAQ,"1,000.00","1,600.00","1,400.00",Rs./Quintal,17-02-2021
NCT of Delhi,Delhi,Shahdara APMC,Vegetables,Tomato,Tomato,FAQ,"1,000.00","1,400.00","1,200.00",Rs./Quintal,16-02-2021
NCT of Delhi,Delhi,Shahdara APMC,Vegetables,Tomato,Tomato,FAQ,"1,200.00","1,700.00","1,400.00",Rs./Quintal,15-02-2021
NCT of Delhi,Delhi,Shahdara APMC,Vegetables,Tomato,Tomato,FAQ,"1,200.00","2,000.00","1,700.00",Rs./Quintal,14-02-2021
NCT of Delhi,Delhi,Shahdara APMC,Vegetables,Tomato,Tomato,FAQ,"1,300.00","2,000.00","1,800.00",Rs./Quintal,13-02-2021
NCT of Delhi,Delhi,Shahdara APMC,Vegetables,Tomato,Tomato,FAQ,"1,200.00","1,800.00","1,500.00",Rs./Quintal,12-02-2021
NCT of Delhi,Delhi,Shahdara APMC,Vegetables,Tomato,Tomato,FAQ,"1,300.00","2,000.00","1,600.00",Rs./Quintal,10-02-2021
NCT of Delhi,Delhi,Shahdara APMC,Vegetables,Tomato,Tomato,FAQ,"1,300.00","1,800.00","1,600.00",Rs./Quintal,08-02-2021
NCT of Delhi,Delhi,Shahdara APMC,Vegetables,Tomato,Tomato,FAQ,"1,000.00","1,600.00","1,300.00",Rs./Quintal,07-02-2021
NCT of Delhi,Delhi,Shahdara APMC,Vegetables,Tomato,Tomato,FAQ,"1,000.00","1,600.00","1,300.00",Rs./Quintal,06-02-2021
NCT of Delhi,Delhi,Shahdara APMC,Vegetables,Tomato,Tomato,FAQ,900.00,"1,500.00","1,200.00",Rs./Quintal,04-02-2021
NCT of Delhi,Delhi,Shahdara APMC,Vegetables,Tomato,Tomato,FAQ,"1,000.00","1,500.00","1,300.00",Rs./Quintal,03-02-2021
NCT of Delhi,Delhi,Shahdara APMC,Vegetables,Tomato,Tomato,FAQ,800.00,"1,200.00","1,000.00",Rs./Quintal,02-02-2021
NCT of Delhi,Delhi,Shahdara APMC,Vegetables,Tomato,Tomato,FAQ,"1,000.00","1,600.00","1,200.00",Rs./Quintal,01-02-2021
NCT of Delhi,Delhi,Shahdara APMC,Vegetables,Tomato,Tomato,FAQ,"1,000.00","1,600.00","1,300.00",Rs./Quintal,31-01-2021
NCT of Delhi,Delhi,Shahdara APMC,Vegetables,Tomato,Tomato,FAQ,"1,000.00","1,600.00","1,300.00",Rs./Quintal,30-01-2021
NCT of Delhi,Delhi,Shahdara APMC,Vegetables,Tomato,Tomato,FAQ,700.00,"1,200.00","1,000.00",Rs./Quintal,29-01-2021
NCT of Delhi,Delhi,Shahdara APMC,Vegetables,Tomato,Tomato,FAQ,800.00,"1,300.00","1,100.00",Rs./Quintal,28-01-2021
NCT of Delhi,Delhi,Shahdara APMC,Vegetables,Tomato,Tomato,FAQ,"1,000.00","1,600.00","1,200.00",Rs./Quintal,27-01-2021
NCT of Delhi,Delhi,Shahdara APMC,Vegetables,Tomato,Tomato,FAQ,800.00,"1,400.00","1,200.00",Rs./Quintal,25-01-2021
NCT of Delhi,Delhi,Shahdara APMC,Vegetables,Tomato,Tomato,FAQ,600.00,"1,100.00",900.00,Rs./Quintal,21-01-2021
NCT of Delhi,Delhi,Shahdara APMC,Vegetables,Tomato,Tomato,FAQ,500.00,"1,000.00",700.00,Rs./Quintal,20-01-2021
NCT of Delhi,Delhi,Shahdara APMC,Vegetables,Tomato,Tomato,FAQ,400.00,800.00,600.00,Rs./Quintal,19-01-2021
NCT of Delhi,Delhi,Shahdara APMC,Vegetables,Tomato,Tomato,FAQ,500.00,"1,000.00",700.00,Rs./Quintal,18-01-2021
NCT of Delhi,Delhi,Shahdara APMC,Vegetables,Tomato,Tomato,FAQ,800.00,"1,400.00","1,000.00",Rs./Quintal,17-01-2021
NCT of Delhi,Delhi,Shahdara APMC,Vegetables,Tomato,Tomato,FAQ,800.00,"1,400.00","1,000.00",Rs./Quintal,16-01-2021
NCT of Delhi,Delhi,Shahdara APMC,Vegetables,Tomato,Tomato,FAQ,400.00,"1,000.00",700.00,Rs./Quintal,14-01-2021
NCT of Delhi,Delhi,Shahdara APMC,Vegetables,Tomato,Tomato,FAQ,600.00,"1,100.00",900.00,Rs./Quintal,13-01-2021
NCT of Delhi,Delhi,Shahdara APMC,Vegetables,Tomato,Tomato,FAQ,600.00,"1,200.00",900.00,Rs./Quintal,12-01-2021
NCT of Delhi,Delhi,Shahdara APMC,Vegetables,Tomato,Tomato,FAQ,600.00,"1,200.00",800.00,Rs./Quintal,11-01-2021
NCT of Delhi,Delhi,Shahdara APMC,Vegetables,Tomato,Tomato,FAQ,500.00,"1,000.00",800.00,Rs./Quintal,10-01-2021
NCT of Delhi,Delhi,Shahdara APMC,Vegetables,Tomato,Tomato,FAQ,500.00,"1,000.00",700.00,Rs./Quintal,09-01-2021
NCT of Delhi,Delhi,Shahdara APMC,Vegetables,Tomato,Tomato,FAQ,600.00,"1,400.00",900.00,Rs./Quintal,08-01-2021
NCT of Delhi,Delhi,Shahdara APMC,Vegetables,Tomato,Tomato,FAQ,800.00,"1,300.00","1,000.00",Rs./Quintal,07-01-2021
NCT of Delhi,Delhi,Shahdara APMC,Vegetables,Tomato,Tomato,FAQ,"1,000.00","2,000.00","1,500.00",Rs./Quintal,06-01-2021
NCT of Delhi,Delhi,Shahdara APMC,Vegetables,Tomato,Tomato,FAQ,"1,000.00","1,600.00","1,400.00",Rs./Quintal,05-01-2021
NCT of Delhi,Delhi,Shahdara APMC,Vegetables,Tomato,Tomato,FAQ,"1,200.00","1,700.00","1,500.00",Rs./Quintal,04-01-2021
NCT of Delhi,Delhi,Shahdara APMC,Vegetables,Tomato,Tomato,FAQ,"1,200.00","2,200.00","1,600.00",Rs./Quintal,03-01-2021
NCT of Delhi,Delhi,Shahdara APMC,Vegetables,Tomato,Tomato,FAQ,"1,200.00","2,000.00","1,700.00",Rs./Quintal,02-01-2021
NCT of Delhi,Delhi,Shahdara APMC,Vegetables,Tomato,Tomato,FAQ,"1,200.00","2,200.00","1,600.00",Rs./Quintal,01-01-2021

